Unnamed: 0,text,like,retweet,id,user,created_at
5,"「我々は戦争はしない。だが弱さや譲歩は平和をもたらさない」「強い決意と防衛が、台湾の平和を守る」。蔡英文総統が中華民国の建国記念日「双十節」の式典で、圧力を強める中国を念頭に演説しました。
https://t.co/zMUJcMaL8u",727,197,1314924545455857664,nikkei,Sat Oct 10 13:43:36 +0000 2020
22,"ブラックホール解明へ　東芝が電波望遠鏡の干渉激減
https://t.co/RFuaRfgBJl",637,149,1314890965530935296,nikkei,Sat Oct 10 11:30:10 +0000 2020
23,"ヤマト運輸が、書類などを運ぶメール便「クロネコDM便」の配達の一部を日本郵便に委託。メール便の需要が減るなか、ネット通販の利用が膨らむ宅配便に配送人員やトラックを集中させる狙いです。
https://t.co/MRFRQm8TfP",165,103,1314890961294626819,nikkei,Sat Oct 10 11:30:09 +0000 2020
24,"イデコ税負担、周知不足　退職金で控除枠使い切る恐れ
https://t.co/QQGKmG1Nxz",299,125,1314887179236237312,nikkei,Sat Oct 10 11:15:07 +0000 2020
30,"ＪＡＬ、客室乗務員を全国に派遣　観光振興など兼務
https://t.co/auupP09Fck",481,143,1314875840262549505,nikkei,Sat Oct 10 10:30:04 +0000 2020
35,"金星の雲の中に「生命」の可能性　世界の科学者が検証
https://t.co/CjkzYj0L3p",972,301,1314832787686387713,nikkei,Sat Oct 10 07:38:59 +0000 2020
37,"東京都で新たに249人感染　新型コロナ
https://t.co/AP4nrxOF9Z",130,102,1314813664470466561,nikkei,Sat Oct 10 06:23:00 +0000 2020
47,"ANA、副業を拡大へ　他社と雇用契約可能に
https://t.co/yxqcoWmfkG",754,271,1314737135459598336,nikkei,Sat Oct 10 01:18:54 +0000 2020
49,"戸建て、マンションともに対象とし、増築や防音対策、間仕切り設置を念頭。在宅勤務用の自宅リフォーム費用の3分の1を、100万円上限に補助する制度を国土交通省が検討します。（会員向け記事です。登録無料）
https://t.co/gNV7eLL5rK",372,168,1314725637152747520,nikkei,Sat Oct 10 00:33:12 +0000 2020
51,"JR東海が技術支援するアメリカ南部テキサス州ダラス―ヒューストン間の高速鉄道計画が、2021年にも着工の見通し。開業に向け総事業費2兆円規模の資金調達や用地確保を進めます。

JR支援の北米新幹線、21年着工へ　当局手続き終了… https://t.co/gkXZakZStS",379,174,1314720210398720001,nikkei,Sat Oct 10 00:11:39 +0000 2020
53,"三井不動産が旗艦物件「新宿三井ビルディング」をREITに1700億円で売却します。1974年に竣工した地上55階、地下3階建てビルで、新宿副都心再開発の象徴的な建物。国内REITの保有物件で最高の取得額になります。
https://t.co/sMI5l5MwlR",1563,726,1314702776274886656,nikkei,Fri Oct 09 23:02:22 +0000 2020
57,"インターネットバンキングを使っておらず2年以上取引なし、残高1万円未満の客から、三井住友銀行が年1100円の手数料を徴収。2021年4月以降に新たに口座を設ける人が対象です。
https://t.co/7Rwhjw8g29",279,194,1314686856391467008,nikkei,Fri Oct 09 21:59:06 +0000 2020
61,"Twitter、「リツイート」を制限　米大統領選期間中
https://t.co/YFT2XkCr18",332,517,1314670696677601281,nikkei,Fri Oct 09 20:54:54 +0000 2020
76,"臭みも抜けて身が締まる　「塩ヅケ」刺し身のススメ
https://t.co/7jXiO5CBo7",739,208,1314556683885060097,nikkei,Fri Oct 09 13:21:51 +0000 2020
79,"目を閉じたままでモノが見える　フクロウ驚異の能力
https://t.co/Y0Z7ZNidXV",401,118,1314546147432624128,nikkei,Fri Oct 09 12:39:59 +0000 2020
82,"400万年前の象を再現　琵琶湖博物館が改装オープン
https://t.co/1vnUrJcLYG",731,199,1314540381799944192,nikkei,Fri Oct 09 12:17:04 +0000 2020
89,"茨城県日立市は市内に移住してテレワークをする人たちへの助成制度を始めました。住宅取得の場合、最大151万5千円を助成。年齢は39歳まで。新しい移住推進策にします。
https://t.co/vCOh7qcYja",228,102,1314512937470562306,nikkei,Fri Oct 09 10:28:01 +0000 2020
97,"テレワーク移住に最大151万円助成　茨城・日立市
https://t.co/f1YJpY5Z7q",329,185,1314492532546363392,nikkei,Fri Oct 09 09:06:56 +0000 2020
101,"国勢調査の回答率67.7%　ネットは37.9%、8日時点
https://t.co/st6uQkyDut",263,211,1314485742765137920,nikkei,Fri Oct 09 08:39:57 +0000 2020
115,"婚姻・離婚届の押印廃止へ　手続きオンライン化推進
https://t.co/w4PbTIV76X",1844,1152,1314413016234954752,nikkei,Fri Oct 09 03:50:58 +0000 2020
117,"台風14号、上陸の可能性低く　1011日に本州接近
https://t.co/OOAmFHe0gd",286,191,1314410742175600640,nikkei,Fri Oct 09 03:41:56 +0000 2020
145,"1日あたりの新規感染者数が31万2千人と過去最多を更新。欧州の増加が顕著で、フランスはパリのバーを全て閉鎖、スペインのマドリードは外出制限を再開しています。
#新型コロナ #COVID19
https://t.co/eRaf5SetCD",165,192,1314328749660418049,nikkei,Thu Oct 08 22:16:07 +0000 2020
150,"コロナ感染、再び過去最多に　欧州など外出制限再開も
https://t.co/WBjXrPLCIc",192,129,1314304010497585152,nikkei,Thu Oct 08 20:37:49 +0000 2020
160,"薬剤師常駐や納税　書面・対面撤廃へ政府が工程表
https://t.co/lAuF4izNp5",324,368,1314250190354702336,nikkei,Thu Oct 08 17:03:57 +0000 2020
164,"航空生き残り、時間との戦い　国際線なお8割減
https://t.co/18ZADVfqFt",274,108,1314243634628235265,nikkei,Thu Oct 08 16:37:54 +0000 2020
169,"東大の40年債200億円、購入希望額は6倍超
https://t.co/w2bQTV7ZTz",599,202,1314193304909561856,nikkei,Thu Oct 08 13:17:55 +0000 2020
171,"8時間ダイエットで健康にやせる　科学的根拠ある断食
https://t.co/5s09lJrH7Y",598,160,1314187771980914689,nikkei,Thu Oct 08 12:55:55 +0000 2020
172,"首都圏「近場の田舎」移住人気高まる　コロナ禍機に
https://t.co/Yf1TniuoKl",230,103,1314184737859092481,nikkei,Thu Oct 08 12:43:52 +0000 2020
189,"LCCのジェットスター・ジャパンは国内6路線を冬ダイヤの期間中、運休します。事実上の撤退となる見通しで、早期退職などと合わせてコストの削減を急ぎます。
https://t.co/Gi6lh7DvRQ",339,251,1314132197272621057,nikkei,Thu Oct 08 09:15:05 +0000 2020
205,"GoToイートに最低利用料　昼500円、夜1000円
https://t.co/ZujLB6m9kf",373,319,1314050881910841350,nikkei,Thu Oct 08 03:51:58 +0000 2020
215,"「これ以上小さいと、搭載技術が追いつかない」。5Gスマホに使う電子部品で村田製作所が存在感を高めています。激しさを増す開発競争の最新の動きを探ります。
https://t.co/sLUHvNtFqX",695,180,1314032797967953920,nikkei,Thu Oct 08 02:40:07 +0000 2020
230,"電子決済アプリ「ペイペイ」のポイントを現金化する不正で3人逮捕。格安スマホを多数契約しアカウントを大量作成、無料付与されるポイントを集めていました。SMS認証を不正に代行する仕事も請け負っていました。
https://t.co/VQf3meq6kZ",211,193,1313984746603589633,nikkei,Wed Oct 07 23:29:10 +0000 2020
235,"都内のタワマンを売却し神奈川海岸部に近距離移住――。中古戸建て物件の閲覧数は葉山町2.1倍、逗子市1.7倍、鎌倉市1.5倍に。新たな生活拠点として注目が集まっています。
https://t.co/iZ1q5P3ZOB",452,181,1313972336983408641,nikkei,Wed Oct 07 22:39:52 +0000 2020
240,"NTTドコモ、KDDI、ソフトバンクの携帯大手3社は世界的に高いとされる携帯電話料金を引き下げる見通しです。武田良太総務相と料金プランなどを含め意見交換していました。
https://t.co/KUq98nP4wd",484,197,1313967298349277184,nikkei,Wed Oct 07 22:19:50 +0000 2020
256,"ソフトバンクも携帯値下げ検討、大手3社足並み
https://t.co/flUSpHGKiL",509,239,1313834681847083011,nikkei,Wed Oct 07 13:32:52 +0000 2020
258,"ノーベル賞「ゲノム編集」　日本人研究者が貢献
https://t.co/KfEXKlrBhe",415,103,1313824628008079360,nikkei,Wed Oct 07 12:52:55 +0000 2020
262,"東京港にヒアリ700匹　幼虫、さなぎも発見
 https://t.co/2mCB2xzXUI",303,263,1313802513087434753,nikkei,Wed Oct 07 11:25:03 +0000 2020
265,"ノーベル化学賞　「ゲノム編集」開発の欧米2氏
https://t.co/olFmEwc0OG",322,132,1313787142649249793,nikkei,Wed Oct 07 10:23:58 +0000 2020
268,"ANA、希望退職を募集　冬の賞与もゼロに
https://t.co/IprzA0BiNc",4109,4180,1313779322688278528,nikkei,Wed Oct 07 09:52:54 +0000 2020
269,"【日経特報】ＡＮＡ、希望退職を募集　冬の賞与もゼロに
https://t.co/jnxeD0KBhW",1520,1671,1313779067515150337,nikkei,Wed Oct 07 09:51:53 +0000 2020
272,"国産マツタケ、今年は卸値5割安　予想外の大量入荷
https://t.co/ucUwNVON4B",791,347,1313771294932963328,nikkei,Wed Oct 07 09:21:00 +0000 2020
275,"台風14号、西日本接近か　強い雨風が長期化の恐れ
https://t.co/28OvbGEtyW",111,108,1313754639624409089,nikkei,Wed Oct 07 08:14:49 +0000 2020
276,"鳥貴族、GoTo予約をコース限定へ　少額利用相次ぎ
https://t.co/t7f0aEI9vk",3665,3318,1313753411330818048,nikkei,Wed Oct 07 08:09:56 +0000 2020
282,"日本郵便、配送ロボットの公道実験を公開
https://t.co/NFSCdg2w9P",542,246,1313701299079135234,nikkei,Wed Oct 07 04:42:51 +0000 2020
285,"退職金があると、税負担（社会保険料を含む）200万円に。税優遇が人気の個人型確定拠出年金（イデコ）ですが退職金の手厚い会社員は思わぬ税負担が将来生じる可能性があります。
https://t.co/X9o3NKtCdM",506,183,1313685579364790272,nikkei,Wed Oct 07 03:40:23 +0000 2020
286,"JAL、客室乗務員を全国に派遣　観光振興など兼務
https://t.co/79fZElp9wx",458,183,1313684206195630081,nikkei,Wed Oct 07 03:34:56 +0000 2020
293,"イデコ税負担、周知不足　退職金で控除枠使い切る恐れ
https://t.co/kbkbexAaXV",322,111,1313672115065745408,nikkei,Wed Oct 07 02:46:53 +0000 2020
300,"みずほが週休34日制　希望者、自分磨く時間に
https://t.co/weh2SkgsQY",465,202,1313660028075732992,nikkei,Wed Oct 07 01:58:51 +0000 2020
305,"三井住友銀行、ネットバンク未利用者に手数料
https://t.co/ZgkHktVFeg",387,398,1313632621180542976,nikkei,Wed Oct 07 00:09:57 +0000 2020
315,"米伝説のギタリスト、エディ・ヴァン・ヘイレンさん死去
https://t.co/R8GQcnGtV3",550,378,1313611706770190337,nikkei,Tue Oct 06 22:46:51 +0000 2020
317,"JR東日本が日立製作所、トヨタ自動車と、水素燃料電池と蓄電池を併用するハイブリッド試験車両を開発へ。高圧水素１回の充填で最大140キロメートル走行。22年3月ごろから数年間、実証実験を予定しています。
https://t.co/eTWM2rh3fz",417,171,1313606899208773632,nikkei,Tue Oct 06 22:27:45 +0000 2020
319,"米国の伝説のギタリストとして知られるエドワード・ヴァン・ヘイレンさんがガンの闘病の末に死去しました。65歳。「ライトハンド奏法（タッピング奏法）」を確立したことで有名です。
https://t.co/3zKi11RjY1",1146,932,1313603888218624000,nikkei,Tue Oct 06 22:15:47 +0000 2020
321,"Apple、13日に特別イベント　5G対応iPhone発表か
https://t.co/Klm2lEAhpe",508,189,1313600898728255488,nikkei,Tue Oct 06 22:03:54 +0000 2020
322,"米下院、巨大ITの分割必要　独禁法違反で報告書
https://t.co/61EahiaNnL",423,291,1313592607746920448,nikkei,Tue Oct 06 21:30:57 +0000 2020
323,"仏ダノンがヤクルト全株を売却　600億円、提携関係は維持
https://t.co/RcLxCAFX4J",309,169,1313581764242153472,nikkei,Tue Oct 06 20:47:52 +0000 2020
326,"トランプ氏、コロナ対策「選挙後まで協議停止を」　株急落
https://t.co/zgOPEwjuO5",372,314,1313564921934667776,nikkei,Tue Oct 06 19:40:56 +0000 2020
346,"ノーベル物理学賞、英米独3氏に、ブラックホール研究に貢献
https://t.co/LigvJDKYz3",253,111,1313427990768881665,nikkei,Tue Oct 06 10:36:49 +0000 2020
347,"みずほ坂井社長「週休34日制導入へ」　金融シンポ
https://t.co/MMViEBt7Of",1113,541,1313427269759561728,nikkei,Tue Oct 06 10:33:58 +0000 2020
348,"イオンモール名古屋みなと、来年2月に営業終了へ
https://t.co/tiiU5scXpQ",7029,9583,1313424734546087936,nikkei,Tue Oct 06 10:23:53 +0000 2020
354,"書面規制や押印、撤廃へ　年内に政省令改正
https://t.co/bCrPgAeSvf",366,158,1313403849231613954,nikkei,Tue Oct 06 09:00:54 +0000 2020
364,"ファナック創業者・稲葉清右衛門氏が死去
https://t.co/4EK4Dt1nhZ",286,279,1313360561413840899,nikkei,Tue Oct 06 06:08:53 +0000 2020
372,"PASMOがApple Payに対応　iPhoneで支払いや定期券購入
https://t.co/EfOxZARoTm",451,196,1313322563653701632,nikkei,Tue Oct 06 03:37:54 +0000 2020
380,"レーサーへの道、ゲーマーが開く　リアルでプロ目指す
https://t.co/GxovcGp5GP",277,137,1313310482422403073,nikkei,Tue Oct 06 02:49:53 +0000 2020
396,"野村証券、新入社員を1年間コールセンターに配属へ
https://t.co/LdtuDPJMv7",1430,672,1313260395247792128,nikkei,Mon Oct 05 23:30:52 +0000 2020
401,"「空気感染で広がることが時々あり得る」。米疾病対策センター（CDC）が新型コロナの感染経路に関する指針を改定しました。感染者が約2メートル離れた人にうつしたとみられる証拠があると指摘しました。
https://t.co/nh2w3UiqyG",442,359,1313251640103895041,nikkei,Mon Oct 05 22:56:04 +0000 2020
402,"トランプ氏が退院、「20年前より元気だ！」
https://t.co/KE02Dnv9sn",475,219,1313250711736668160,nikkei,Mon Oct 05 22:52:23 +0000 2020
412,"NYダウ反発465ドル高　トランプ氏の早期退院で買い
https://t.co/SaMXnPgG8v",217,107,1313210816481513472,nikkei,Mon Oct 05 20:13:51 +0000 2020
414,"米大統領報道官も感染　ホワイトハウスで7人目
https://t.co/XCaPxl0xzJ",116,191,1313184170185695232,nikkei,Mon Oct 05 18:27:58 +0000 2020
418,"中国、日本国債買い急増　外貨準備の運用先シフト
https://t.co/Ui0OWLH6qE",177,157,1313163507777454080,nikkei,Mon Oct 05 17:05:52 +0000 2020
426,"NYダウ反発　一時200ドル超高、トランプ氏の退院観測で
https://t.co/PRV1R5Fonu",238,205,1313116952693407744,nikkei,Mon Oct 05 14:00:52 +0000 2020
428,"SMBC日興、全従業員を遠隔勤務可能に　21年から
https://t.co/dgOUxFfW3i",328,107,1313103107304296449,nikkei,Mon Oct 05 13:05:51 +0000 2020
431,"足元に商品選択ボタンがある自動販売機。ダイドードリンコが実証実験を始めました。新型コロナの感染防止を狙ったもの。顔認証で買える決済サービスも実験しています。
https://t.co/1KCko2wxWU",220,110,1313085460151967746,nikkei,Mon Oct 05 11:55:44 +0000 2020
434,"ワタミ、居酒屋の3割を焼肉店に転換
https://t.co/nUGrehsboc",547,185,1313074694241697792,nikkei,Mon Oct 05 11:12:57 +0000 2020
438,"ダイドードリンコ、足で操作する自販機　コロナ対策
https://t.co/dY6sBocmgf",1014,389,1313062845827878913,nikkei,Mon Oct 05 10:25:52 +0000 2020
439,"ノーベル賞「C型肝炎ウイルスの発見」　米・カナダ3氏
https://t.co/wdW1DFWMPG",296,117,1313061356380119040,nikkei,Mon Oct 05 10:19:57 +0000 2020
446,"エアアジア、12月に日本事業撤退へ　今夕発表
https://t.co/mdQvwBgQFu",493,422,1313040213317353472,nikkei,Mon Oct 05 08:55:56 +0000 2020
468,"富士通社長が謝罪　東証システム障害
https://t.co/ZrDfk1cHF7",309,159,1312931975762640896,nikkei,Mon Oct 05 01:45:50 +0000 2020
471,"NY市、一部で学校閉鎖や営業停止へ　コロナ陽性率上昇
https://t.co/IeYIeYhdYb",107,107,1312912371380232192,nikkei,Mon Oct 05 00:27:56 +0000 2020
474,"在宅勤務用リフォーム補助　最大100万円、国交省検討
https://t.co/DOhuIrau7i",627,403,1312905316019826689,nikkei,Sun Oct 04 23:59:54 +0000 2020
476,"在宅勤務用の自宅リフォーム費用の3分の1を補助する制度を創設へ。戸建てやマンションを対象に増築や防音対策、間仕切り設置などを念頭に100万円を上限に検討しています。
https://t.co/3K04pyxjIa",931,663,1312894438008664065,nikkei,Sun Oct 04 23:16:41 +0000 2020
477,"NY市、一部地区7日にも再び都市封鎖　感染ぶり返す
https://t.co/VGAQav5tSI",171,162,1312894260207742977,nikkei,Sun Oct 04 23:15:58 +0000 2020
485,"住宅ローンを完済する年齢が上昇しています。
フラット35を提供する住宅金融支援機構のデータ（2020年度）によると73歳。
20年前と比べて5歳上がっていますが、その要因とは。
10月5日、日本経済新聞朝刊のポイントをお届けします… https://t.co/yFMTssYXfL",227,138,1312878932493037568,nikkei,Sun Oct 04 22:15:04 +0000 2020
486,"トランプ氏、サプライズで外出　支持者の声援に応える
https://t.co/xS7BU4lf0g",488,280,1312877146738622464,nikkei,Sun Oct 04 22:07:58 +0000 2020
490,"トランプ氏、5日退院も　重症者向けステロイド薬使用
https://t.co/h1xbH1628s",231,196,1312826543605870592,nikkei,Sun Oct 04 18:46:53 +0000 2020
492,"完済は平均73歳　住宅ローン、定年後にリスク先送り
https://t.co/9L4zYK3U14",1386,1402,1312823260912873472,nikkei,Sun Oct 04 18:33:51 +0000 2020
501,"「ヤクルトレディ」3000人正社員に　定着狙い待遇改善
https://t.co/JTKIQepLDv",1219,555,1312806901923540993,nikkei,Sun Oct 04 17:28:50 +0000 2020
504,"高田賢三さん死去　ファッションデザイナー、81歳
https://t.co/onmCOAaFDx",315,192,1312785022424813568,nikkei,Sun Oct 04 16:01:54 +0000 2020
522,"群馬・太田、スバルの企業城下町で増える製造業廃業
 https://t.co/Sc1xx1sLuP",310,180,1312705282921902084,nikkei,Sun Oct 04 10:45:02 +0000 2020
524,"韓国とのビジネス往来再開　週内にも合意
https://t.co/ImGsSbdq91",246,149,1312702987320475648,nikkei,Sun Oct 04 10:35:55 +0000 2020
531,"銀行の口座・通帳に手数料　少額の預金、解約も選択肢
https://t.co/2OF8OdJLPR",269,132,1312683586516996096,nikkei,Sun Oct 04 09:18:50 +0000 2020
544,"ドコモ、顧客システムで障害　新規申し込みなど出来ず
https://t.co/E5ZwmqZmMD",149,118,1312607090385379328,nikkei,Sun Oct 04 04:14:52 +0000 2020
556,"賞与・退職金は正社員だけ？　最高裁判断へ
https://t.co/brJi8d30TS",452,203,1312555784903901186,nikkei,Sun Oct 04 00:50:59 +0000 2020
557,"トランプ氏、2日に酸素吸入か　「今後48時間が重要」
https://t.co/j6KjKBTMKt",261,167,1312547716283527168,nikkei,Sun Oct 04 00:18:56 +0000 2020
562,"ソフトバンク、スマートシティ参戦　竹芝発の新構想
https://t.co/hhC8wYWHN4",379,107,1312524075781120001,nikkei,Sat Oct 03 22:44:59 +0000 2020
563,"「体調は良好」とトランプ大統領。一方で「（症状は）深刻だ」「容体の急変を危惧している」などと報じるメディア。大統領選挙が1カ月後に迫るなかのコロナ入院で、アメリカの政治は混迷を深めています。

米政権・議員に感染者複数　ホワイ… https://t.co/Z9T7AkMaLs",120,115,1312508117649768448,nikkei,Sat Oct 03 21:41:35 +0000 2020
565,"トランプ氏、2日に酸素吸入か　「今後48時間が重要」
https://t.co/H3wK5eiG7C",1117,799,1312474753161031680,nikkei,Sat Oct 03 19:29:00 +0000 2020
572,"菅改革に日本医師会が抵抗　オンライン診療や不妊治療
https://t.co/8xqNUbJuD1",516,260,1312438728485265411,nikkei,Sat Oct 03 17:05:51 +0000 2020
577,"ソニーとキオクシア、ファーウェイ取引許可を米に申請
https://t.co/YtVW4ub155",207,102,1312438723208908801,nikkei,Sat Oct 03 17:05:50 +0000 2020
582,"ゆうちょ銀行、デビットカードmijicaで顧客情報流出か
https://t.co/yeNecyvW3d",304,301,1312402521382514688,nikkei,Sat Oct 03 14:41:59 +0000 2020
583,"無給博士は憲法違反、日本の研究力低迷　野依良治氏
https://t.co/SFuYM6ueNX",407,165,1312373094368063488,nikkei,Sat Oct 03 12:45:03 +0000 2020
584,"年末調整用ソフト、国税庁が10月から提供
https://t.co/0fIPIiW83H",275,143,1312369342244421634,nikkei,Sat Oct 03 12:30:08 +0000 2020
585,"アルツハイマー病治療薬、発病前に阻止する戦略に転換
https://t.co/f2xK8Ed2vr",525,185,1312365551856087040,nikkei,Sat Oct 03 12:15:04 +0000 2020
586,"米政権・議員に感染者複数　ホワイトハウスで拡大か
https://t.co/orUQQzjvwo",146,241,1312362984090394624,nikkei,Sat Oct 03 12:04:52 +0000 2020
587,"メールをやめよう　チャットに切り替え業務効率上げる
https://t.co/uxW2mLzZGy",558,165,1312361809626759169,nikkei,Sat Oct 03 12:00:12 +0000 2020
611,"84歳のトレーダー「生涯現役」　月に4億円売買
https://t.co/CMm4jisWiS",1351,326,1312250492358074370,nikkei,Sat Oct 03 04:37:52 +0000 2020
613,"親の自宅だれが継ぐ　登記早めに、法改正案で罰則も
https://t.co/d6mDqFv9QE",279,103,1312233903365611520,nikkei,Sat Oct 03 03:31:57 +0000 2020
620,"金正恩氏がトランプ氏に見舞電　「必ず打ち勝つ」
https://t.co/iGNanIW66k",1212,639,1312209749690077184,nikkei,Sat Oct 03 01:55:58 +0000 2020
626,"「上がるものでなく『これ以上下がらなさそうなものを買う』」。株式投資歴66年の84歳。1200銘柄を常時チェックし、1日130銘柄の売買注文を出すデイトレーダー藤本茂さんが語ります。
https://t.co/UEJJQ0ia0w",1059,212,1312161516288765952,nikkei,Fri Oct 02 22:44:18 +0000 2020
628,"トランプ氏、米軍医療施設に入院　「数日間」
https://t.co/vCwXDAaYZt",287,232,1312146317645209600,nikkei,Fri Oct 02 21:43:55 +0000 2020
630,"「半永久的に魚が生産できる」。サバにマグロを産ませる。魚肉を培養して量産……。地球温暖化や乱獲で魚が減っていく傾向と、「細胞漁業」の可能性を探ります。

さらば海の幸よ　試験管からマグロが取れる日… https://t.co/m5mYHJQwrR",3792,2536,1312134344585089024,nikkei,Fri Oct 02 20:56:20 +0000 2020
636,"育休取得の男性「幸せ感じる」8割超に
https://t.co/5K5m4weSUD",818,191,1312077107531448321,nikkei,Fri Oct 02 17:08:54 +0000 2020
642,"「習思想」名門大で必修化　中国、知識層狙い統制強化
https://t.co/K1qJvx0dGw",580,550,1312049188247494656,nikkei,Fri Oct 02 15:17:57 +0000 2020
647,"ヤフー、全社テレワークに10月から正式移行
https://t.co/y6g8wv3DdZ",833,303,1312033274437435393,nikkei,Fri Oct 02 14:14:43 +0000 2020
648,"日本政府は、外国からの資金協力があるか開示を義務付ける対象に、科学研究費補助金（科研費）を受ける研究室を加えます。軍事転用可能な先端技術の海外流出を防ぐ狙いです。
https://t.co/KDXf3B0RHl",223,155,1312026175103959043,nikkei,Fri Oct 02 13:46:31 +0000 2020
649,"NYダウ反落で始まる　一時400ドル超安、トランプ氏陽性で
https://t.co/j9I0l6JIwT",242,180,1312024266968190976,nikkei,Fri Oct 02 13:38:56 +0000 2020
653,"ホームセンター大手のDCMホールディングスが同業の島忠をTOB（株式公開買い付け）で完全子会社化します。投資額は最大で1600億円程度。単純合算の売上高は約5700億円と、カインズを上回り業界最大手になります。
https://t.co/MDRTmz05E8",321,178,1312012174848593922,nikkei,Fri Oct 02 12:50:53 +0000 2020
655,"ホンダが自動車レースの最高峰F1から2021年シーズンを最後に撤退します。研究開発の負担が増すなか、電動車などの次世代技術に経営資源を振り向けます。
https://t.co/rhvgmJTLFk",471,300,1312003291350478848,nikkei,Fri Oct 02 12:15:35 +0000 2020
656,"公務員ボーナス引き下げ勧告へ　人事院、10年ぶり
https://t.co/uCfBZDwdpI",503,257,1312000096158928896,nikkei,Fri Oct 02 12:02:53 +0000 2020
658,"長野・群馬県境の浅間山で火山性地震が急増し、気象庁が200回（速報値）を計測。噴火警戒レベルは「2」（火口周辺規制）のまま据え置きました。
https://t.co/dBMUkTwUhm",166,116,1311992141904777216,nikkei,Fri Oct 02 11:31:16 +0000 2020
660,"丸井グループが「池袋マルイ」を2021年8月に閉店。1952年に開業し若者の多い繁華街に立地する主力店舗でしたが、売り上げが伸び悩んでいました。
https://t.co/EuwGIvEGHr",573,487,1311980136233828352,nikkei,Fri Oct 02 10:43:34 +0000 2020
664,"トランプ大統領が、メラニア大統領夫人とともに新型コロナウイルスに感染したと明らかにしました。コロナへの危機管理の不備が露呈し、11月3日に迫ったアメリカ大統領選挙に向けた選挙活動にも影響しそうです。
https://t.co/L6g3w2J2TA",186,109,1311967523320012800,nikkei,Fri Oct 02 09:53:27 +0000 2020
665,"JFEスチールが一時休止していた福山「第4高炉」を9月に再稼働したのに続き、日本製鉄も君津「第2高炉」を2020年内に再稼働へ。国内の注文が増え、生産が一部回復し始めました。
#日経イブニングスクープ
https://t.co/qP526YzmSl",345,165,1311961644042420227,nikkei,Fri Oct 02 09:30:05 +0000 2020
668,"ホンダ、F1撤退へ
https://t.co/qr19NneCw4",2130,1941,1311944247038275584,nikkei,Fri Oct 02 08:20:57 +0000 2020
673,"【日経特報】ＤＣＭ、島忠を完全子会社化へ　最大1800億円でTOB
https://t.co/KylrqLq1KL",218,158,1311913290189078528,nikkei,Fri Oct 02 06:17:57 +0000 2020
674,"NYダウ平均先物一時500ドル超安　トランプ氏コロナ陽性で
https://t.co/Tf4uNN7xsB",435,441,1311899958161764352,nikkei,Fri Oct 02 05:24:58 +0000 2020
675,"トランプ氏、新型コロナに感染
https://t.co/9Un6Vd7Zwj",1978,1853,1311894647808040961,nikkei,Fri Oct 02 05:03:52 +0000 2020
677,"「結果を待っている。その間は自主隔離の過程を始める！」。トランプ大統領がメラニア大統領夫人とともに新型コロナ検査を受け、自主隔離に入りました。側近ホープ・ヒックス氏が感染したためです。
#新型コロナ #COVID19
https://t.co/p8WYlJYop2",86,159,1311888874881384451,nikkei,Fri Oct 02 04:40:56 +0000 2020
678,"池袋マルイ、21年8月閉店　静岡マルイも同年3月に
https://t.co/JcM9mLevaA",1493,1776,1311880799893954560,nikkei,Fri Oct 02 04:08:50 +0000 2020
681,"学術会議人事、首相の意向反映せず　官房長官
https://t.co/KMUJhvqt80",364,323,1311876532449599489,nikkei,Fri Oct 02 03:51:53 +0000 2020
686,"トランプ氏の側近、コロナ感染　大統領専用機に搭乗
https://t.co/OWjVqGnzqs",304,286,1311869757780451329,nikkei,Fri Oct 02 03:24:58 +0000 2020
710,"度重なる商号変更や業態転換。帳簿上8億円あるはずの現金が実際には50万円。最後は監査報酬の一部を払えず……。ジャスダック上場企業Nutsの破産劇を振り返ります。
https://t.co/uzxTEawOuU",276,131,1311792404412993538,nikkei,Thu Oct 01 22:17:35 +0000 2020
711,"東証、9時の売買再開を決定　システム復旧受け発表
https://t.co/lb7KwXYH9p",177,102,1311791974123405312,nikkei,Thu Oct 01 22:15:53 +0000 2020
714,"全銘柄の終日売買停止から一夜明けた東京証券取引所（東証）が、9時から通常通り株式などの取引を始めると発表。システム障害の原因となった機器を交換し、問題なく動くことを確認しました。
https://t.co/jR78L3KK0G",167,114,1311790231352479751,nikkei,Thu Oct 01 22:08:57 +0000 2020
716,"ローンに頼らず住宅を買える人たちが「逆ざや」目当てで借りるケースも。低金利のなか住宅ローン控除率1%の妥当性を会計検査院が問題視しており、政府内で見直し論も出ています。
https://t.co/2D5FQIwDse",379,175,1311787938796232711,nikkei,Thu Oct 01 21:59:51 +0000 2020
718,"「切り替えがきちんと動作するか、頻繁にテストしなければならない。残念ながら東証の怠慢と言わざるをえない」。システム障害による売買の終日停止は、バックアップが機能しなかったことが主因でした。
https://t.co/vS0tBzeMNs",581,330,1311785485493252096,nikkei,Thu Oct 01 21:50:06 +0000 2020
720,"欧米先進国ではシステム障害があっても当日中に取引を再開するのが大半。日本株の売買をほぼ独占する東証の終日売買停止は、日本の金融市場の根幹を大きく揺るがしました。
https://t.co/NdEOJVjvxr",259,109,1311774356125757440,nikkei,Thu Oct 01 21:05:52 +0000 2020
722,"H&amp;M、21年に250店舗閉鎖へ　ネット通販強化
https://t.co/Ju87UnDEaz",388,204,1311771583933947904,nikkei,Thu Oct 01 20:54:51 +0000 2020
739,"東証、3兆円の取引機会失う　売買停止で
https://t.co/j2mlUAeXEz",468,197,1311666408439201795,nikkei,Thu Oct 01 13:56:56 +0000 2020
741,"東証売買停止、バックアップに不備　メモリー故障が発端
https://t.co/cpv4jaTDwy",434,287,1311659344765755394,nikkei,Thu Oct 01 13:28:51 +0000 2020
743,"三井不動産が木造建築として国内最高層となる地上17階建て、高さ約70メートルの木造オフィスビルを東京・日本橋で計画。燃えにくい木材や、木と鉄筋コンクリートを組み合わせた特殊な建築技術を活用します。
https://t.co/LoSxMoW8sy",786,226,1311656685648441344,nikkei,Thu Oct 01 13:18:17 +0000 2020
749,"石原さとみさんが結婚へ　男性会社員と年内に
https://t.co/05glo2yGoW",774,207,1311639483251474432,nikkei,Thu Oct 01 12:09:56 +0000 2020
752,"武田薬品の大衆薬子会社、武田コンシューマーヘルスケアの社名が「アリナミン製薬」になる見通しに。投資ファンドへの売却に伴い「武田」を使わず、主力商品名を冠することで知名度とブランド力を生かします。
https://t.co/XrOoPS4RSt",260,156,1311631467626233856,nikkei,Thu Oct 01 11:38:05 +0000 2020
755,"富士通、「迷惑かけおわび」　東証のシステム障害受けて
https://t.co/sywGcW4Q7Z",236,144,1311624124951793665,nikkei,Thu Oct 01 11:08:54 +0000 2020
756,"東証、2日の売買は通常通り開始と発表
https://t.co/iyXc2DIdwW",451,267,1311619834644373504,nikkei,Thu Oct 01 10:51:51 +0000 2020
764,"お酒で乳がんリスクが1.5倍　日本人3万人調査で判明
https://t.co/xRZlGCVLEt",618,351,1311590152062468097,nikkei,Thu Oct 01 08:53:55 +0000 2020
768,"東証社長「あす売買再開できるよう準備」 会見タイムライン
https://t.co/IB8g266h7m",177,116,1311573498846945280,nikkei,Thu Oct 01 07:47:44 +0000 2020
779,"東証、システム障害の原因「機器故障」と説明
https://t.co/829wfscAwq",373,373,1311523718418448384,nikkei,Thu Oct 01 04:29:56 +0000 2020
781,"東証トラブル、私設取引に注文流入　レオパレス急騰
https://t.co/cGz662hyq3",216,128,1311514399618654208,nikkei,Thu Oct 01 03:52:54 +0000 2020
782,"官房長官、東証システム障害「大変遺憾」
https://t.co/LLAPgV1GaE",276,110,1311504099137863680,nikkei,Thu Oct 01 03:11:58 +0000 2020
783,"東証、終日売買停止　システム障害で初
https://t.co/DIuQpThqt2",2260,2499,1311500546591793152,nikkei,Thu Oct 01 02:57:51 +0000 2020
800,「無意識に性別を前提とする言葉を使っていた」。日本航空（JAL）が機内や空港での「ladies and gentlemen」の英語アナウンスを廃止し、「all passengers」「everyone」などジェンダーに中立的な表現… https://t.co/vBdbSYC5df,2902,1455,1311487777821929473,nikkei,Thu Oct 01 02:07:07 +0000 2020
804,"東証売買停止 市場関係者「朝から何もできない」
https://t.co/9iWyisQZ8l",539,420,1311481441188864000,nikkei,Thu Oct 01 01:41:56 +0000 2020
805,"東京証券取引所（東証）で株価など相場情報の配信に障害が発生し、取引開始から全ての銘柄で売買を停止。株式売買の基幹システム「アローヘッド」は富士通が設計・開発し、2019年11月に新システムに刷新しました。
https://t.co/x2nwStBIGV",1388,1410,1311473377652211713,nikkei,Thu Oct 01 01:09:53 +0000 2020
806,"富士通も「状況を確認中」、東証システム障害で
https://t.co/OAIKCJc9aB",799,618,1311469593110609922,nikkei,Thu Oct 01 00:54:51 +0000 2020
808,"名証も売買停止、システム障害で　再開未定
https://t.co/6yNJGa49gV",119,137,1311461036252299264,nikkei,Thu Oct 01 00:20:51 +0000 2020
809,"東証、障害で相対取引の売買も停止　大取の先物は通常稼働
https://t.co/ld3ec3mz4d",184,201,1311461035266633728,nikkei,Thu Oct 01 00:20:51 +0000 2020
811,"東証でシステム障害、9時から全銘柄の売買停止
https://t.co/LGBn68hyGi",943,1170,1311456510753480705,nikkei,Thu Oct 01 00:02:52 +0000 2020
813,"東証、障害に伴い全銘柄の売買停止　復旧は未定
https://t.co/a1uqDJCcjw",1909,2326,1311455274037723137,nikkei,Wed Sep 30 23:57:57 +0000 2020
823,"第三のビールは350ml缶で9.8円の増税。たばこ増税でJTは一部を除き1箱50円値上げ。「GoToトラベル」が東京発着も対象に。NHKが受信料を引き下げ。10月1日からの変更点をまとめました。
https://t.co/Lm6Tj3ScO7",311,240,1311427438455517184,nikkei,Wed Sep 30 22:07:21 +0000 2020
825,"河野行革相、ハンコ「大半廃止できそう」　各省が回答
https://t.co/OGUi6rpDbw",455,118,1311420149967224833,nikkei,Wed Sep 30 21:38:23 +0000 2020
827,"トヨタ労使が一律の定期昇給をなくし、個人の評価に重きを置く制度を2021年1月から導入することで合意。成果主義シフトは、横並びや年功序列を前提としてきた日本の製造業の賃上げ議論に影響を与えそうです。
https://t.co/ehaRO3dKSQ",695,370,1311410088419221505,nikkei,Wed Sep 30 20:58:24 +0000 2020
846,"「（エアアジア・ジャパンは）事業を終了する」。マレーシアの格安航空会社（LCC）、エアアジアが日本事業からの撤退を決めました。新型コロナによる航空需要の減少が背景です。
https://t.co/U3jpBFOh6l",411,357,1311297438502850561,nikkei,Wed Sep 30 13:30:46 +0000 2020
847,"エアアジア、日本事業から撤退　航空需要減少で
https://t.co/d1ruApWTZH",466,199,1311295213663477760,nikkei,Wed Sep 30 13:21:56 +0000 2020
856,"婚礼大手のワタベウェディングが全直営店の約3分の1を閉鎖へ。120人程度の希望退職も募ります。今後は東名阪の主要都市に注力し、オンライン接客を強化します。
https://t.co/4SRrJUiyYw",242,171,1311255804234924032,nikkei,Wed Sep 30 10:45:20 +0000 2020
866,"在宅勤務で株デイトレ　コロナ新常態、個人に勢い
https://t.co/hcMeLB5jyk",310,119,1311205122702102528,nikkei,Wed Sep 30 07:23:56 +0000 2020
869,"住友生命、2000人配置転換　事務から営業や新規事業に
https://t.co/Fr3EODBqEW",209,127,1311178424694628354,nikkei,Wed Sep 30 05:37:51 +0000 2020
871,"【日経特報】レオパレス、米ファンドが支援　債務超過解消へ
https://t.co/kcQXmD8jhU",806,615,1311172632708956160,nikkei,Wed Sep 30 05:14:50 +0000 2020
879,"トランプ氏とバイデン氏による初のテレビ討論会が終了、CNNテレビの司会者は「史上最もカオスな討論会」と感想を述べました。アメリカ大統領選挙・討論会ドキュメントです。
https://t.co/KZK5R5MOAp https://t.co/umVs4t0Qcu",763,483,1311136151697317890,nikkei,Wed Sep 30 02:49:52 +0000 2020
891,"トランプ氏が途中で割り込む場面が相次ぎ、議論は混乱気味です。司会者がたびたび「質問させてください」などと呼びかけています。
#アメリカ大統領選挙
https://t.co/llNVTB2259 https://t.co/x8vRiSd08F",577,330,1311117520179474432,nikkei,Wed Sep 30 01:35:50 +0000 2020
900,"楽天の5G携帯、月2980円できょう開始　大手の半額以下
https://t.co/mfR3rpcoHg",622,273,1311094122590076928,nikkei,Wed Sep 30 00:02:52 +0000 2020
915,"米ディズニー、2万8000人を削減　新型コロナで休園続き
https://t.co/2MTAuqi8eF",261,193,1311066465328537605,nikkei,Tue Sep 29 22:12:58 +0000 2020
918,"郵政、ゆうちょ株で減損　2.9兆円の可能性
https://t.co/R3Sc7wnPdY",232,124,1311055117362163712,nikkei,Tue Sep 29 21:27:52 +0000 2020
919,"ワタミが女性社員に残業代の一部を支払っていなかったとして、高崎労働基準監督署から是正勧告。この社員は弁当の定期宅配（宅食）の営業所長で、長時間労働が原因とみられる精神疾患を発症し休職しています。
https://t.co/DI3nd5GeDx",485,333,1311054704911290369,nikkei,Tue Sep 29 21:26:14 +0000 2020
925,"JPモルガン、制裁金最大の960億円　貴金属取引で不正
https://t.co/1LRGY7SyVz",247,107,1311025175488376832,nikkei,Tue Sep 29 19:28:54 +0000 2020
939,"クウェート首長が死去　91歳、カタール・サウジ仲裁奔走
https://t.co/zkef7Mu1Qn",152,104,1310956966282485760,nikkei,Tue Sep 29 14:57:51 +0000 2020
953,"「高すぎる」との批判がある銀行間の送金手数料。送金額が少額になるほど安くする料金体系を2021年夏にも導入し、個人客や法人が支払う振込手数料も現状より安くなりそうです。#日経イブニングスクープ

振込手数料を値下げへ　銀行間送… https://t.co/lkrA3RNfbf",338,185,1310874481053675522,nikkei,Tue Sep 29 09:30:05 +0000 2020
954,"振込手数料を値下げへ　銀行間送金、少額ほど安く
https://t.co/PQQexVdSg3",334,134,1310869130883424256,nikkei,Tue Sep 29 09:08:50 +0000 2020
962,"NTT、ドコモ完全子会社化を正式発表　4.2兆円でTOB
https://t.co/7CibSXo2Ny",374,184,1310834182667538433,nikkei,Tue Sep 29 06:49:57 +0000 2020
969,"NTTドコモを完全子会社化するNTTに対し、三菱UFJ銀行と三井住友銀行、みずほ銀行などが総額4兆円以上の協調融資。邦銀によるものではこれまでで最大規模になりそうです。
https://t.co/lQtILxeF08",474,273,1310786314044952577,nikkei,Tue Sep 29 03:39:45 +0000 2020
971,"東京都が新型コロナによる鉄道利用者の減少を受け、都営地下鉄で時間帯別運賃の導入を検討する方針。実質的な値上げになる可能性もあります。
https://t.co/nUQLYyBaJP",407,437,1310781500883980293,nikkei,Tue Sep 29 03:20:37 +0000 2020
976,"がん「光免疫療法」年内にも使用可能　楽天メディカル
https://t.co/kzReOCViL2",2492,1279,1310769729968025602,nikkei,Tue Sep 29 02:33:51 +0000 2020
1000,"NTTが上場子会社NTTドコモを完全子会社にします。一般株主が持つ3割強の株式を公開買い付けで取得。投資額は4兆円超とみられ、国内企業へのTOBとして過去最大になります。#日経特報
https://t.co/bhhiUIFQe7",454,279,1310709812733378560,nikkei,Mon Sep 28 22:35:45 +0000 2020
1010,"米加州の山火事、ワイン産地ナパバレーにも
https://t.co/tmxfljZcT8",157,112,1310616471437897728,nikkei,Mon Sep 28 16:24:51 +0000 2020
1017,"【日経特報】ＮＴＴ、ドコモを完全子会社化　５Ｇで成長戦略
https://t.co/vENTqrrRGz",4869,4052,1310595099420631041,nikkei,Mon Sep 28 14:59:56 +0000 2020
1030,"AI開発ビール、即日完売　4つの世代を色や味で表現
https://t.co/tL2nnAORI8",324,109,1310524898968657921,nikkei,Mon Sep 28 10:20:58 +0000 2020
1036,"年末調整用ソフト、国税庁が来月から提供
https://t.co/lEEZBao64F",256,137,1310516340143214593,nikkei,Mon Sep 28 09:46:58 +0000 2020
1038,"会社員などの年末調整手続きが2020年分からインターネットを利用してできるようになります。国税庁は「年調ソフト」提供を10月から始めます。
https://t.co/lVVPh4fPdo",663,375,1310510328300679168,nikkei,Mon Sep 28 09:23:05 +0000 2020
1039,"海外への渡航中止勧告、段階的に解除へ。オーストラリア、ニュージーランド、ベトナムなど10以上の国・地域がまず候補となる見通し。相手国の入国制限撤廃につなげます。
#日経イブニングスクープ #新型コロナ
https://t.co/ePac40Jqp9",322,346,1310509097029165059,nikkei,Mon Sep 28 09:18:11 +0000 2020
1068,"トランプ米大統領が過去15年間に10年分の所得税を納めていなかったと米紙報道。トランプ氏はバイデン前副大統領との第1回テレビ討論会を控えています。
https://t.co/4a56keFqf9",238,242,1310376275219898368,nikkei,Mon Sep 28 00:30:24 +0000 2020
1073,"トランプ氏、10年間所得税納めず　米紙報道
https://t.co/6VeOLyzZIJ",958,774,1310356259887960065,nikkei,Sun Sep 27 23:10:52 +0000 2020
1086,"スーパーのサミット、21年の正月三が日を休業
https://t.co/fAnY6iOWrV",1691,584,1310297385029910528,nikkei,Sun Sep 27 19:16:55 +0000 2020
1088,"ドイツで週休3日案　労組の提案契機、雇用維持
https://t.co/0Hd0Fzlsei",687,339,1310285827973341184,nikkei,Sun Sep 27 18:30:59 +0000 2020
1091,"マンション、コロナ禍で崩れる「都心・駅近」神話
https://t.co/g1OuATmVH8",290,117,1310271211662798849,nikkei,Sun Sep 27 17:32:55 +0000 2020
1097,"老朽インフラ 5割が未修繕　高まる危険、費用増加も
https://t.co/dKhmPTfqTp",345,216,1310229450856910855,nikkei,Sun Sep 27 14:46:58 +0000 2020
1099,"「8月までの集計で延べ1340万人が利用し、新型コロナに感染したのは十数人との報告だった」。国内旅行の需要喚起策「GoToトラベル」の意義を菅義偉首相が強調しました。
https://t.co/d9WmriuK4i",612,181,1310213785337114625,nikkei,Sun Sep 27 13:44:43 +0000 2020
1100,"菅義偉政権の発足後、日本と中国の高官が直接対話する最初の機会に。王毅外相が10月に来日し、茂木敏充外相と会談する調整に入りました。菅首相との面会も検討します。
https://t.co/mSHk1d3EPd",234,132,1310207009111801857,nikkei,Sun Sep 27 13:17:48 +0000 2020
1103,"エーザイ、認知症薬22年度に申請へ　脳神経の減少抑制
https://t.co/vxLfLya3LQ",537,176,1310198775189827584,nikkei,Sun Sep 27 12:45:04 +0000 2020
1110,"「衝動買いが砂糖の大量摂取につながっている」。アメリカのカリフォルニア州バークリーの市議会が、砂糖を多く使ったお菓子や飲み物をスーパーのレジ脇に並べることを禁じる条例案を可決しました。
https://t.co/5p3OjSeu8d",205,105,1310189970439757825,nikkei,Sun Sep 27 12:10:05 +0000 2020
1126,"キオクシア（旧東芝メモリ）が10月6日の東証上場を延期する方針。時価総額1.5兆円超と2020年最大のIPOになる見通しでしたが、アメリカのHuawei（ファーウェイ）取引規制が響きました。
https://t.co/WqLVs2FPnC",356,213,1310109198731149312,nikkei,Sun Sep 27 06:49:08 +0000 2020
1127,"キオクシア、上場延期へ　米のファーウェイ規制影響
https://t.co/VkKerWZVIR",323,220,1310086476089028608,nikkei,Sun Sep 27 05:18:50 +0000 2020
1131,"84歳のデイトレーダー　グロース・逆張りを徹底
https://t.co/gUbvYaZpF9",656,134,1310061313884708865,nikkei,Sun Sep 27 03:38:51 +0000 2020
1140,"俳優の竹内結子さん（40）が自宅でぐったりしているのを同居の家族が見つけ、その後死亡が確認されました。現場の状況から自殺とみられます。
https://t.co/FMO1j5pUGP",1915,1455,1310029147629137920,nikkei,Sun Sep 27 01:31:02 +0000 2020
1142,"新型コロナが重症化した人の約1割に、ウイルスを攻撃する免疫物質を無力にする特殊な抗体。ウイルスの増殖を抑えきれず、過剰な炎症反応に。ロックフェラー大学などの国際共同研究チームが発見しました。
https://t.co/gS6cFNI57K",692,433,1310007774563233792,nikkei,Sun Sep 27 00:06:06 +0000 2020
1152,"「裏バイト募集」「強盗がこれほど頻発するのは異常だ」――。「ガスの点検です」などと高齢者宅に押し入って粘着テープで縛り上げ、現金が入った財布を強奪。各地で相次ぐ侵入強盗の手口や注意点を探ります。
https://t.co/c0JwatIihv",701,690,1309971318280982528,nikkei,Sat Sep 26 21:41:15 +0000 2020
1155,"テナントの減少で来店客が減り、またテナントが撤退して商業施設の競争力が落ちる悪循環。コロナの打撃で16月はアパレルや外食を中心に1140店が純減、空洞化が進んでいます。

テナント1140店純減　モールに迫る空洞化の足音… https://t.co/x9IZUHwcAk",236,130,1309962079240171521,nikkei,Sat Sep 26 21:04:32 +0000 2020
1158,"国内消費のマグマ動くか　家計現預金、3カ月で30兆円増
https://t.co/1i9piGe3um",192,104,1309949612048838656,nikkei,Sat Sep 26 20:14:59 +0000 2020
1172,"商人は客に寄り添う　「出社が基本」伊藤忠・鈴木社長
https://t.co/uxAks83ipE",511,144,1309873611944067072,nikkei,Sat Sep 26 15:13:00 +0000 2020
1176,"コロナは「再感染」ある　米国や香港で事例確認の論文
https://t.co/f4W6NYqSOn",351,265,1309864778744000512,nikkei,Sat Sep 26 14:37:54 +0000 2020
1179,"グルメ杵屋が、うどん店「杵屋」、そば店「そじ坊」など直営80店程度を順次閉店します。FCを含む全443店の約2割に相当する規模で、新型コロナ下の外出自粛で客足の回復が見込めないと判断しました。
#新型コロナ #COVID19
https://t.co/bOjhR5NGcX",566,655,1309849525243252736,nikkei,Sat Sep 26 13:37:17 +0000 2020
1190,"コロナ禍、お寺も経営難　法要激減で「廃寺の危機」
https://t.co/etOwXrqzGI",283,184,1309825289237614592,nikkei,Sat Sep 26 12:00:58 +0000 2020
1196,"慣用句「敷居が高い」や「浮足立つ」を本来の意味ではなく、新しく浸透した意味で捉えている人が半数超。「国語が乱れていると思う」は66.1%と、20年前から19.7ポイント減。国語に関する文化庁の世論調査です。

高級すぎて「敷居高… https://t.co/5rG2N2SFhT",332,183,1309809961627725829,nikkei,Sat Sep 26 11:00:04 +0000 2020
1207,"日本版ジャック・バウアー　唐沢寿明が「24」主演
https://t.co/PKRZZswDyO",368,125,1309791042871259137,nikkei,Sat Sep 26 09:44:54 +0000 2020
1211,"コロナ、肥満者は感染しやすく　死亡リスクも1.5倍
https://t.co/yA3l63FuN3",928,648,1309771899459649537,nikkei,Sat Sep 26 08:28:49 +0000 2020
1212,"テレワーク時代の仕事着は「見える部分だけビジネス」
https://t.co/Ls7N2H8tZx",378,144,1309754312810094593,nikkei,Sat Sep 26 07:18:56 +0000 2020
1214,"東京都で270人感染確認　新型コロナ
https://t.co/09IHhkwQiL",185,137,1309741735518453760,nikkei,Sat Sep 26 06:28:58 +0000 2020
1215,"テナント1140店純減　モールに迫る空洞化の足音
https://t.co/zhKaIjOl8m",336,223,1309734658859433984,nikkei,Sat Sep 26 06:00:51 +0000 2020
1216,"日本の研究力低下、つまずきは若手軽視
https://t.co/O2kK9Oga2b",1553,671,1309717319862509569,nikkei,Sat Sep 26 04:51:57 +0000 2020
1221,"ガス点検装い強盗、各地で横行　ロゴや身分証の確認を
https://t.co/uijbsOseYo",212,237,1309704717790932992,nikkei,Sat Sep 26 04:01:52 +0000 2020
1232,"「行政のデジタル化は喫緊の課題で、それを妨げる規制は私のところで取り外す」と河野太郎行政改革・規制改革相。全府省に行政手続きでハンコを使用しないよう求めました。
https://t.co/moGriVqUA4",679,194,1309652880555757568,nikkei,Sat Sep 26 00:35:53 +0000 2020
1234,"上野のパンダ、まだ帰らないで！ 東京都が中国側と交渉
https://t.co/jCTlSTTWzI",264,108,1309645579337621505,nikkei,Sat Sep 26 00:06:52 +0000 2020
1237,"小田急電鉄と京浜急行電鉄（京急）も終電を繰り上げる検討を始めました。JR東日本や西日本が実施を決め、西武鉄道も検討を始めており、同様の動きが広がる可能性があります。
https://t.co/VifKj5yQ0i",336,279,1309630071888662533,nikkei,Fri Sep 25 23:05:15 +0000 2020
1238,"首相、五輪開催の決意表明　初の国連演説
https://t.co/goknPh92Z4",617,220,1309627476449005568,nikkei,Fri Sep 25 22:54:56 +0000 2020
1239,"最も落ち込みが大きかったのは天神南駅（福岡市営地下鉄七隈線）の7割減。JR東京駅は半減、JR大阪駅は3割減。都市部の主要鉄道駅ごとに前年と比べた利用客数を国土交通省がまとめました。
https://t.co/k1UIgCtvh8",277,224,1309618496230350849,nikkei,Fri Sep 25 22:19:15 +0000 2020
1241,"本社や岡崎製作所、水島製作所などで働く45歳以上の管理職などが対象。三菱自動車が日本国内で500600人規模の希望退職を募集し、業績改善に向けコスト削減を進めます。（会員向け記事です。登録無料）
https://t.co/BcnJp1WpsX",486,617,1309605825506414599,nikkei,Fri Sep 25 21:28:54 +0000 2020
1242,"Huawei（ファーウェイ）が携帯電話や部品などの研究開発、生産のために整備した中国広東省の大型施設で大規模な火災。3人の遺体が見つかったほか、スマホ事業などに影響が出る可能性があります。
https://t.co/181qd5kEDG",296,273,1309599423173976065,nikkei,Fri Sep 25 21:03:28 +0000 2020
1253,"アルツハイマー病治療薬　発病前に阻止する戦略に転換
https://t.co/g8xX7wYZzR",470,202,1309539122399203329,nikkei,Fri Sep 25 17:03:51 +0000 2020
1261,"三菱自、希望退職500600人募集へ　業績回復急ぐ
https://t.co/sIHADdQM0H",231,140,1309519746119774209,nikkei,Fri Sep 25 15:46:51 +0000 2020
1262,"ファーウェイで大規模火災　中国広東省の実験施設
https://t.co/Lk222ZNDVZ",942,679,1309519488656654338,nikkei,Fri Sep 25 15:45:50 +0000 2020
1264,"ファミリーレストランのジョイフルが2020年6月期、過去最大となる93億円の最終赤字に。来期100店程度の閉店を視野に入れるほか24時間営業も縮小し、構造改革を急ぎます。
https://t.co/FAgrVGdmip",720,590,1309494914980425728,nikkei,Fri Sep 25 14:08:11 +0000 2020
1267,"長引く新型コロナの影響もあり、資金繰りのメド立たず。神戸港でレストラン船「ルミナス神戸2」を手掛けるルミナスクルーズ（神戸市）が民事再生法による再建手続きを取りやめ、破産手続きに移ります。
#新型コロナ #COVID19
https://t.co/7Zr5IDTbVJ",159,153,1309487939131527169,nikkei,Fri Sep 25 13:40:28 +0000 2020
1268,"レオパレス、債務超過100億円超　6月末
https://t.co/w8LMKp7TCR",644,507,1309484772511502336,nikkei,Fri Sep 25 13:27:53 +0000 2020
1278,"スリランカ、日本支援の鉄道事業を撤回　中国意識か
https://t.co/RZVB3j1IQ8",217,128,1309449046965116928,nikkei,Fri Sep 25 11:05:55 +0000 2020
1279,"高級すぎて「敷居高い」浸透？本来の用法29%　文化庁
https://t.co/PiRFgMroWD",376,200,1309445510936231941,nikkei,Fri Sep 25 10:51:52 +0000 2020
1281,"中国広東省にあるHuawei（ファーウェイ）の実験施設で大規模な火災が発生。防音用の綿素材に火がつき、数カ所から強い勢いで黒煙が上がりました。
https://t.co/5uLAGl11Je",292,451,1309444487350018049,nikkei,Fri Sep 25 10:47:48 +0000 2020
1292,"ANA、2000億円規模の公募増資検討　普通株で
https://t.co/q9zkA6vu2c",395,209,1309419078033973251,nikkei,Fri Sep 25 09:06:50 +0000 2020
1295,"上場企業の減損、過去最大4.2兆円　20年3月期　製造業はリーマン上回る
https://t.co/oEijj8Y6CO",220,116,1309402473061257216,nikkei,Fri Sep 25 08:00:51 +0000 2020
1298,"東京都で195人感染確認　新型コロナ
https://t.co/qx7LSfAOF8",126,181,1309386866915831810,nikkei,Fri Sep 25 06:58:50 +0000 2020
1304,"KDDI社長「対応を検討」　携帯料金引き下げ示唆
https://t.co/UWJy0cIBAo",335,116,1309360221681119232,nikkei,Fri Sep 25 05:12:58 +0000 2020
1318,"テレワークで地方移住、最大100万円補助 政府、来年度から
https://t.co/XZgDbFLPBB",4268,3402,1309292770272505856,nikkei,Fri Sep 25 00:44:56 +0000 2020
1320,"テレワークで東京の仕事を続けつつ地方移住した人に最大100万円。地方でIT事業を立ち上げれば最大300万円。新型コロナで高まった働き方の変化を踏まえ、政府が予算を計上します。
#新型コロナ #COVID19
https://t.co/r03NZg8K3X",2714,1969,1309286114520334337,nikkei,Fri Sep 25 00:18:29 +0000 2020
1329,"医師の診断を経ないため1回2000円（配送料除く）と、自費診療の相場の10分の1程度。ソフトバンクグループが新型コロナ感染の有無を判断する唾液PCR検査の受け付けを始めました。

【記事】… https://t.co/5irD6IWvcc",574,347,1309265129897328641,nikkei,Thu Sep 24 22:55:06 +0000 2020
1332,"メールをやめよう　チャットに切り替え業務効率上げる
https://t.co/nUJ4EIZDbU",567,166,1309261062361944065,nikkei,Thu Sep 24 22:38:56 +0000 2020
1334,"Amazon（アマゾン）がアメリカでクラウドゲーム市場に参入します。多数のゲームで遊べる新サービス「Luna（ルナ）」をまず招待制で始め、2021年に一般提供を開始。先行するGoogle（グーグル）などに対抗します。
https://t.co/zUln7k22zp",412,393,1309258828182159361,nikkei,Thu Sep 24 22:30:04 +0000 2020
1335,"みずほ銀行、事務員3000人を営業転換　23年度までに
https://t.co/Y81ddCnT9K",481,306,1309258788088680448,nikkei,Thu Sep 24 22:29:54 +0000 2020
1341,"アメリカ最大の自動車市場で、日本勢のシェアが47%と高いカリフォルニア州がガソリン車の販売を禁止へ。スバルやマツダ、トヨタへの影響を探ります。
https://t.co/A1FhZ9kOno",551,357,1309242690329104385,nikkei,Thu Sep 24 21:25:56 +0000 2020
1343,"「コロナ収束後も鉄道利用は元に戻らない」。ガラガラの電車を走らせる余裕はなくなってきた。JR東日本などが終電時間を繰り上げる背景にある危機感を探ります。
https://t.co/6zaixP1SYo",334,149,1309235277815320577,nikkei,Thu Sep 24 20:56:29 +0000 2020
1359,"ソフトバンクG、2000円でPCR検査　「無症状」でも
https://t.co/ipXwnfGusU",500,207,1309114349219393536,nikkei,Thu Sep 24 12:55:57 +0000 2020
1361,"安全保障に関わる量子暗号関連では、中国の論文数がアメリカの約2倍。量子コンピューターをはじめとする量子技術を巡る覇権争いで、対応が遅れる日本は脱落の懸念があります。

米中、量子革命を主導　論文数は中国が米抜く… https://t.co/V3dDIwpo7f",166,107,1309106098545332234,nikkei,Thu Sep 24 12:23:10 +0000 2020
1368,"九州新幹線西九州ルート（長崎新幹線）武雄温泉―長崎が2022年秋開業になるとJR九州が見通し。新鳥栖―武雄温泉の整備方式が決まっておらず、福岡方面に向かう際は武雄温泉駅で在来線に乗り換える必要があります。
https://t.co/qgmBLnUJ3r",219,141,1309095587648802817,nikkei,Thu Sep 24 11:41:24 +0000 2020
1370,"ベーシックインカム、韓国で高まる導入論
https://t.co/VHW478Iu1n",278,150,1309093440173543424,nikkei,Thu Sep 24 11:32:52 +0000 2020
1372,"みずほ銀行が事務員の約3割にあたる3000人程度を、資産運用相談を担う営業に2023年度末までに再配置。定型的な業務はデジタル化し、経費削減と営業力の底上げを図ります。
https://t.co/wRWwM4Aw2P",1228,502,1309091528871211010,nikkei,Thu Sep 24 11:25:16 +0000 2020
1373,"「ドコモ口座」などキャッシュレス決済での不正引き出しが約6000万円（約380件）になった、ゆうちょ銀行。これまでの公表額の3倍近くに膨らみ、最も古い被害は2017年7月だったことも分かりました。
https://t.co/cNnPahbVaN",389,404,1309086073113452545,nikkei,Thu Sep 24 11:03:36 +0000 2020
1381,"東京都、1泊5000円上乗せ補助　都民の都内旅行に
https://t.co/s3W3bNS6Yf",961,789,1309065237392486400,nikkei,Thu Sep 24 09:40:48 +0000 2020
1386,"東京都、銀座の高速を遊歩道へ素案　完成2030年代以降
https://t.co/bW5xNlGDkL",365,199,1309059461127057412,nikkei,Thu Sep 24 09:17:51 +0000 2020
1387,"ソフトバンクG、唾液PCR検査を2000円で実施
https://t.co/PzeCe8YUJ2",500,224,1309058225589940225,nikkei,Thu Sep 24 09:12:56 +0000 2020
1394,"雇用の実態、悪化の恐れ　就活で「氷河期」再来も
https://t.co/oj0vwixiOS",266,118,1309038592988254214,nikkei,Thu Sep 24 07:54:55 +0000 2020
1396,"住宅ローン「13年間控除」を延長へ　政府・与党検討
https://t.co/NvCl7rJkXA",334,166,1309032553903517697,nikkei,Thu Sep 24 07:30:56 +0000 2020
1401,"三菱UFJリース、日立キャピタル合併へ
https://t.co/N8UDpeghIE",385,216,1308999825938145282,nikkei,Thu Sep 24 05:20:53 +0000 2020
1406,"北朝鮮が軍事境界線付近の海域で韓国人男性を銃撃し、遺体を燃やしたことを確認したと韓国国防省。男性は海洋水産省で漁業指導を担当する40代で、延坪島（ヨンピョンド）近くで船からいなくなっていました。
https://t.co/nHmCMvP3As",166,209,1308974778246668289,nikkei,Thu Sep 24 03:41:21 +0000 2020
1407,"スマホやタブレット画面のどこを触っても指紋認証。複数の指も同時認識。タッチパネルを指紋センサーにしてセキュリティー機能などを高めたジャパンディスプレイ（JDI）の技術です。
https://t.co/cIEqSLA3OM",442,200,1308971180318232579,nikkei,Thu Sep 24 03:27:03 +0000 2020
1414,"新型コロナ関連の解雇・雇い止め、6万人超に
https://t.co/sgI010kEYJ",379,270,1308956794903867392,nikkei,Thu Sep 24 02:29:53 +0000 2020
1434,"「事務作業上必要なら招集通知に記載すべきで、不誠実だ」。電子化の遅れも背景に。株主総会の議決権行使書の一部を、三井住友信託銀行が集計対象から外していた問題を考えます。

議決権集計、不透明な慣行20年　企業・投資家把握できず… https://t.co/sl0mt334nz",164,107,1308894972050112514,nikkei,Wed Sep 23 22:24:14 +0000 2020
1436,"政府は来年にも、マイナンバーカードと預貯金口座を連動させられるようにします。国民にとってどんな利点があるのでしょうか。
9月24日、日本経済新聞朝刊のポイントをお届けします。
#朝刊1面を読もう
https://t.co/23EGOx2xBL",183,104,1308891399887171586,nikkei,Wed Sep 23 22:10:02 +0000 2020
1439,"JRに続き、最終電車繰り上げの動きが大手私鉄にも。西武鉄道が都心から終着駅への終電到着時刻を2030分早める方向で検討。在宅勤務の拡大や飲み会の減少が背景にあります。
https://t.co/8wi2tRmE0Q",450,357,1308885121697751040,nikkei,Wed Sep 23 21:45:05 +0000 2020
1440,"ニューヨークの繁華街にある高級ホテル「ヒルトン・タイムズスクエア」が事業継続を断念し、10月に閉鎖。新型コロナで激減した観光客の回復が見込めず、一時帰休となっていた従業員200人は解雇される見通しです。
#新型コロナ… https://t.co/zxdxVmW3IW",227,149,1308881817022410752,nikkei,Wed Sep 23 21:31:57 +0000 2020
1442,"日本政府は2021年にも個人のマイナンバーと預貯金口座を連動させ、給付手続きなどをマイナンバーカードだけで迅速にできるようにします。義務化はせず選択制にする見通しです。
https://t.co/yS36xYUewJ",1089,673,1308876639422623744,nikkei,Wed Sep 23 21:11:23 +0000 2020
1443,"米加州、35年にガソリン車の新規販売を禁止へ
https://t.co/lkRlnSxTI4",557,366,1308873250810793987,nikkei,Wed Sep 23 20:57:55 +0000 2020
1444,"中国の著名な企業家で、習近平指導部をくり返し批判してきた任志強氏に収賄罪などで懲役18年、罰金420万元（約6400万円）の判決。中国共産党内では「予想以上の厳罰だった」との声が出ています。
https://t.co/gzvEKDmcvS",153,118,1308866523910541315,nikkei,Wed Sep 23 20:31:11 +0000 2020
1446,"「中国の覇権認めず」、米国務長官が警告
https://t.co/FyuQYkytpo",403,155,1308863684773638146,nikkei,Wed Sep 23 20:19:54 +0000 2020
1448,"JR東、駅ナカ個室オフィス　テレワーク用1000カ所へ
https://t.co/xisRZ8iFCS",470,240,1308813867728793601,nikkei,Wed Sep 23 17:01:57 +0000 2020
1457,"マイナンバー、来年に口座と連動　政府がデジタル化推進
https://t.co/QVD0nKaSrr",867,499,1308813344808157185,nikkei,Wed Sep 23 16:59:52 +0000 2020
1459,"米J&amp;Jがワクチン最終治験　6万人対象、21年供給目標
https://t.co/SKB7iNQI91",283,149,1308774364909727744,nikkei,Wed Sep 23 14:24:59 +0000 2020
1461,"都心に勤めながら郊外や地方に移住し、テレワーク主体の暮らしに。共働き夫婦がそれぞれ自分の部屋を持ち、住居にかかる費用は半分以下に。そんな生活を選ぶ人も出てきています。
https://t.co/PP93JfE8yR",374,128,1308766971949973505,nikkei,Wed Sep 23 13:55:36 +0000 2020
1462,"浜松市7区の数を減らし効率化する行政区再編の是非を協議する市議会の特別委員会で、過半数が賛同。今後は全議員の採決で再編が必要との結論が出れば、区割りの議論に移ります。

浜松市の行政区再編、特別委で必要と結論　実現に前進… https://t.co/NLBpaIVyUi",320,310,1308758747494395904,nikkei,Wed Sep 23 13:22:55 +0000 2020
1464,"東芝の株主総会で議決権行使の集計を受託した三井住友信託銀行が適切に事務処理せず、一部の株主の意見が反映されず。同様の不適切な処理は受託した約1000社に上ります。
https://t.co/kDq7LmvpuX",594,499,1308753110949605377,nikkei,Wed Sep 23 13:00:31 +0000 2020
1465,"コロナで「未経験OK」求人減　人材市場、求ム即戦力
https://t.co/tV8rUIgmac",276,143,1308749940521271298,nikkei,Wed Sep 23 12:47:55 +0000 2020
1470,"三井住友信託、議決権集計に誤り　1000社で疑義
https://t.co/spt957ciQN",312,201,1308731798772494337,nikkei,Wed Sep 23 11:35:50 +0000 2020
1472,"「企業に育成する余裕がなくなっている」。人材市場で「未経験OK」の求人案件が減少。転職サイトでは未経験者歓迎の比率が、コロナ拡大前の8割から直近5割まで下がりました。#新型コロナ #COVID19

コロナで「未経験OK」求人減… https://t.co/HTolaYEmqp",191,126,1308730065954451462,nikkei,Wed Sep 23 11:28:57 +0000 2020
1473,"アメリカのグリルレストラン「Sizzler（シズラー）」が米連邦破産法11条の適用を申請し経営破綻。日本で10店舗を展開するロイヤルHDは「オーストラリア企業とのフランチャイズ契約のため影響はない」としています。
https://t.co/XEYDmho0LN",1090,1488,1308716436337106944,nikkei,Wed Sep 23 10:34:47 +0000 2020
1475,"米レストラン「シズラー」経営破綻　国内の影響「ない」
https://t.co/7jmP8WOUNV",268,218,1308713424747024384,nikkei,Wed Sep 23 10:22:49 +0000 2020
1492,"富士フイルム、10月にもアビガン承認申請
https://t.co/gPi1qY2uWr",354,144,1308618041970753538,nikkei,Wed Sep 23 04:03:48 +0000 2020
1500,"日本政府が10月にも全世界からの新規入国受け入れを一部再開する方向。3カ月以上の中長期滞在する在留資格取得者が対象で、新型コロナ感染状況を見極めて最終判断します。
#新型コロナ #COVID19
https://t.co/J5RPFczgtJ",444,576,1308594400147144705,nikkei,Wed Sep 23 02:29:52 +0000 2020
1507,"テスラ、EV用セル内製化　3年後に260万円の新型車
https://t.co/kP1OjowhwP",316,144,1308585618952220672,nikkei,Wed Sep 23 01:54:58 +0000 2020
1517,"神奈川県「湘南西部」などが2026年には一気に「過疎地レベル」に。医師の高齢化も進む「老老医療」の時代、今後は大都市圏でも過疎地並みに医師の不足感が強まっていく現実をデータで探ります。

迫る「老老医療」の危機　回らぬ現場、IT… https://t.co/9rSYI8Ag54",264,128,1308536045294804992,nikkei,Tue Sep 22 22:37:59 +0000 2020
1527,"新型コロナ、世界で再拡大　欧州では規制強化も
https://t.co/6TtgEBzlJa",150,113,1308499519823163393,nikkei,Tue Sep 22 20:12:50 +0000 2020
1533,"エーザイ、認知症薬22年度に申請へ　脳神経の減少抑制
https://t.co/shynwja9Cm",433,152,1308442166142726146,nikkei,Tue Sep 22 16:24:56 +0000 2020
1538,"米コロナ死者、20万人超える　世界でも100万人に迫る
https://t.co/Xb0BE9GE4Y",617,668,1308434347800707072,nikkei,Tue Sep 22 15:53:52 +0000 2020
1543,"下院630 →400議席、上院315→200議席に。国会議員定数を約3分の1削減する是非を問うイタリアの国民投票は約7割が賛成し可決。年間1億ユーロ（約120億円）の経費削減を見込みます。
https://t.co/yzrHeCcyWx",1123,371,1308412501898547200,nikkei,Tue Sep 22 14:27:04 +0000 2020
1546,"ドイツ銀行、国内店舗2割閉鎖　収益改善へ追加リストラ
https://t.co/cvM1IHLXAD",272,146,1308403665968017408,nikkei,Tue Sep 22 13:51:57 +0000 2020
1548,"コロナ感染、欧州で再拡大　スペイン首都は外出制限
https://t.co/0eIDla7cQd",164,133,1308392093396512768,nikkei,Tue Sep 22 13:05:58 +0000 2020
1550,"全国の税務署や国税局が訪問税務調査を10月から再開します。新型コロナによる中止が続くと税逃れの放置につながるうえ、所得税の確定申告受け付けへの備えも必要なことが背景にあります。
#新型コロナ #COVID19
https://t.co/VhwN4TniZM",255,166,1308387654363422720,nikkei,Tue Sep 22 12:48:20 +0000 2020
1553,"イタリア、国会議員3分の1削減へ　国民投票で可決

（※見出しに不備があったため、修正して再投稿しました）
https://t.co/w6x4JRN1hR",966,335,1308373923965423617,nikkei,Tue Sep 22 11:53:46 +0000 2020
1557,"エアバスが水素を燃料とした航空機を2035年までに商用化。水素は同じエネルギーを出すのに3分の1の重さで済む一方、4倍のスペースを取るため従来の航空機とは大きく異なる設計が必要になります。
https://t.co/wt3EWrjB4a",764,305,1308355626624524288,nikkei,Tue Sep 22 10:41:04 +0000 2020
1560,台風12号、東日本上陸の恐れ　前線活発化で大雨に https://t.co/Uy3X7mUvCV,192,162,1308339685278789632,nikkei,Tue Sep 22 09:37:43 +0000 2020
1561,"習近平指導部を批判の企業家、懲役18年　収賄罪などで
https://t.co/CUlMvdh9dd",179,102,1308336705049563136,nikkei,Tue Sep 22 09:25:52 +0000 2020
1563,"コロナで中止の訪問税務調査、国税が10月から再開
https://t.co/fWGGOsKvOB",223,126,1308322892707364865,nikkei,Tue Sep 22 08:30:59 +0000 2020
1564,"リンゴを赤くする着色管理は「労力の7割を費やす」負担の重い工程。「シナノゴールド」など黄色品種の作付けが増えている背景には、農家の高齢化や離農増加があります。【2020年 読まれた記事】
https://t.co/eaCqvlcUtE",492,239,1308309123298209792,nikkei,Tue Sep 22 07:36:16 +0000 2020
1565,元TOKIO山口達也容疑者を逮捕　酒気帯び運転の疑いhttps://t.co/Q3WHQ0H8D5,423,177,1308301417577209856,nikkei,Tue Sep 22 07:05:39 +0000 2020
1567,"日本の国連常任理事国入りに意欲　茂木外相ビデオ演説
https://t.co/xqpVGVHtma",558,122,1308297734282080256,nikkei,Tue Sep 22 06:51:01 +0000 2020
1568,"エアバス、水素燃料の航空機を商用化　2035年までに
https://t.co/pVaiVWUv5X",442,147,1308297732528861191,nikkei,Tue Sep 22 06:51:01 +0000 2020
1579,"台風12号が発生、日本へ　前線押し上げ大雨の恐れ
https://t.co/8EGh42IdlX",252,261,1308218445595459584,nikkei,Tue Sep 22 01:35:57 +0000 2020
1580,"「個人向けの宅配便は好調だが、商業貨物が振るわない」「荷物はあっても運転手が足りずに運べない日が間違いなく来る」。トラック物流について福山通運の社長に聞きました。
#新型コロナ #COVID19
https://t.co/sy9Ivre51Z",312,140,1308215882703925250,nikkei,Tue Sep 22 01:25:46 +0000 2020
1586,"巨大な風船で荷重を支える新構造の橋。作業者が6人いれば上部構造の施工が1日で済む短工期と軽さを実現。災害時に仮橋を架けるまでの応急復旧橋としての利用を見込みます。
https://t.co/WTfBG0qaly",400,154,1308189543363833856,nikkei,Mon Sep 21 23:41:06 +0000 2020
1587,"スタバが新型店　JINSと組み「働く人の集中スペース」
https://t.co/WGQrhYXGlD",658,155,1308181697955913729,nikkei,Mon Sep 21 23:09:56 +0000 2020
1588,"日本航空（JAL）などが出資するジェットスター・ジャパンが、パイロットや客室乗務員を対象に希望退職を募集。一時帰休の延長や長期の無給休暇取得、配置転換も提示しています。
https://t.co/zfCcnyKPOf",294,170,1308178061054169088,nikkei,Mon Sep 21 22:55:29 +0000 2020
1590,"巣ごもりでインスタントコーヒーの消費が増え、原料のロブスタ種が1年半ぶりの高値に。一方、レギュラーコーヒー用のアラビカ種はカフェ休業などが響き上昇が鈍くなっています。

コーヒー、インスタントが存在感　巣ごもり消費で相場高… https://t.co/MX2qHaY6yo",371,238,1308166089730330625,nikkei,Mon Sep 21 22:07:54 +0000 2020
1594,"新型コロナ感染者が7日ごとに倍増しており、この状況を放置すれば入院者数と死者数の上昇につながる。10月中旬に1日あたりの新規感染者が5万人に達する。イギリス政府の首席科学顧問らが警告しました。
#新型コロナ #COVID19
https://t.co/UQystMJu4w",633,753,1308142245816815616,nikkei,Mon Sep 21 20:33:10 +0000 2020
1595,"NYダウ500ドル強下落　コロナ感染の再拡大懸念で
https://t.co/FaguW4REJF",206,135,1308138679664177152,nikkei,Mon Sep 21 20:18:59 +0000 2020
1608,"Microsoft、「Fallout」のゲーム会社を7800億円で買収
https://t.co/GB9QMVECcc",3514,3880,1308082273158266880,nikkei,Mon Sep 21 16:34:51 +0000 2020
1609,"英、第2波「1日5万人感染も」　規制再強化へ
https://t.co/YDEqn5XrGi",268,247,1308064938330529794,nikkei,Mon Sep 21 15:25:58 +0000 2020
1613,"「マイクロソフト自身もMicrosoft365（旧称Office365）のInternetExplorer（IE）対応終了を決めたということは……」。IEを利用する企業の対応策を考えます。
https://t.co/Rpl1Hj2new",683,401,1308034096799649792,nikkei,Mon Sep 21 13:23:25 +0000 2020
1620,"生保営業職、3カ月で3000人増　コロナ離職者の受け皿に
https://t.co/idVEH3jY70",456,201,1308018171010576384,nikkei,Mon Sep 21 12:20:08 +0000 2020
1622,"「（逮捕の）報道を見て怖くなった。警察に事情を話してお金を返したい」。新型コロナ対策で国が個人事業主らに支給する「持続化給付金」の不正受給が横行。摘発を受け、中小企業庁に相談が相次いでいます。
https://t.co/qIfoldJCRo",384,284,1308010822690582528,nikkei,Mon Sep 21 11:50:56 +0000 2020
1647,"植物肉・ビーガン食、普及に勢い　日本企業も追随
https://t.co/P59NcPrrSm",386,141,1307872904198062080,nikkei,Mon Sep 21 02:42:54 +0000 2020
1656,"任天堂、携帯・据え置き「2軸」に幕　3DS生産終了
https://t.co/oaMIKfS2mh",234,152,1307824603163623424,nikkei,Sun Sep 20 23:30:58 +0000 2020
1662,"オーナーの平均年収は5年で190万円減り、約2割は債務超過に。休暇は月平均1.8日。「本部の都合を店舗に押しつける時代は終わった」。変化を迫られるコンビニの今を追います。
https://t.co/eoDjz1HUGZ",837,462,1307794254983565315,nikkei,Sun Sep 20 21:30:22 +0000 2020
1664,"富士フイルムHDが「アビガン」の製造販売を近く厚生労働省に申請。「レムデシビル」「デキサメタゾン」に続く新型コロナ治療薬で、日本の製薬会社の開発薬としては初めてです。
#新型コロナ #COVID19
https://t.co/faeHJQEpsY",481,176,1307779582850891777,nikkei,Sun Sep 20 20:32:04 +0000 2020
1670,"世界のオフィス一変　郊外に別拠点・「自由席」禁止
https://t.co/HX0JbCh4wv",357,189,1307726452930953216,nikkei,Sun Sep 20 17:00:57 +0000 2020
1672,"防衛予算、過去最大の5.4兆円超　21年度概算要求
https://t.co/2pLPEGkpB2",457,279,1307719140770066434,nikkei,Sun Sep 20 16:31:54 +0000 2020
1676,"ルマン24時間、トヨタが3連覇　中嶋一貴の8号車
https://t.co/zTGcnjCX6B",702,248,1307678133185724416,nikkei,Sun Sep 20 13:48:57 +0000 2020
1685,"レオパレス21が1000人、ファミリーマート800人、シチズン時計750人、ノーリツ600人……。上場企業が募集する早期・希望退職者の人数が2020年の累計で1万人を超えました。前年を1カ月上回るペースです。
https://t.co/eVrxlypuhB",921,718,1307656432284831744,nikkei,Sun Sep 20 12:22:43 +0000 2020
1692,"同じパスワードを流用していた顧客が狙われたSBI証券の資金流出。免許証やパスポートが偽造され、本人確認が突破された可能性。金融ネットサービスをめぐるリスクを探ります。

本人確認の手続き突破　SBI証券で顧客資金流出… https://t.co/8txaN7Z7Gx",251,164,1307641538449674240,nikkei,Sun Sep 20 11:23:32 +0000 2020
1693,"富士フイルム「アビガン」製造販売申請へ　年内承認も
https://t.co/xQrLvRRJRU",919,447,1307639881204523009,nikkei,Sun Sep 20 11:16:57 +0000 2020
1696,"本人確認の手続き突破　SBI証券で顧客資金流出
https://t.co/VYvqRtpXZM",223,153,1307635623105359873,nikkei,Sun Sep 20 11:00:01 +0000 2020
1705,"65歳以上は3617万人、人口の28.7%で最多　総務省推計
https://t.co/QMYZWEWCop",527,307,1307596345226616832,nikkei,Sun Sep 20 08:23:57 +0000 2020
1726,"オラクル、TikTokとの提携発表　ウォルマートと2割出資
https://t.co/lFLnZZQ4ri",253,161,1307474519175565315,nikkei,Sun Sep 20 00:19:51 +0000 2020
1753,"偽SMSが突く恐ろしい仕様　慣れた人ほどだまされる
https://t.co/wELLsmEFmJ",600,388,1307295887736045569,nikkei,Sat Sep 19 12:30:02 +0000 2020
1755,"「詐欺や強盗の前兆となる『アポ電』の可能性もある。本当の調査は預貯金や口座番号を尋ねない」。国勢調査を装って年収や貯金額を聞き出そうとする虚偽の訪問や電話に、消費者庁が注意を呼び掛けています。
https://t.co/fhqb1IHgn4",195,212,1307294422695108608,nikkei,Sat Sep 19 12:24:13 +0000 2020
1769,"台湾・李登輝元総統の告別式の時間帯を狙った行為。中国の戦闘機など異例の多さとなる計19機が、台湾海峡の中間線を越えたり防空識別圏に入ったりする飛行を繰り返しました。
https://t.co/MUdJcs1bGP",166,148,1307271490610528268,nikkei,Sat Sep 19 10:53:05 +0000 2020
1780,"中国軍機19機、台湾海峡周辺で威圧的飛行繰り返す
https://t.co/94rcPgRTW8",169,121,1307228895737909249,nikkei,Sat Sep 19 08:03:50 +0000 2020
1785,"在宅勤務の経験者、9割が継続希望　通勤ストレス軽く
https://t.co/orDL4gD4uN",1111,479,1307208800118554625,nikkei,Sat Sep 19 06:43:59 +0000 2020
1786,"羽田に戻るにぎわい　4連休初日、ANAはほぼ満席
https://t.co/Ru5fAGdjDv",558,284,1307208798881214466,nikkei,Sat Sep 19 06:43:59 +0000 2020
1804,"地域・民族間での新型コロナ重症患者の発生率の違いは遺伝子によるものではなく、個人の病歴や年齢、環境、社会格差の要因が大きいと結論。北海道大学とハーバード大学の共同研究結果です。
https://t.co/VLGsINErWj",307,142,1307112890898567169,nikkei,Sat Sep 19 00:22:52 +0000 2020
1812,"「1割程度では改革にならない。海外では健全な競争原理を導入し、7割ほど下げた国もある」と武田良太総務相。菅義偉首相が携帯料金値下げの「具体的な結論」を指示しました。
https://t.co/8hiqpXriMH",584,169,1307064032466284544,nikkei,Fri Sep 18 21:08:44 +0000 2020
1826,"中国軍の戦闘機12機、台湾海峡の中間線を越えて侵入
https://t.co/eCVbafhO7N",177,149,1306982049786425347,nikkei,Fri Sep 18 15:42:57 +0000 2020
1832,"「オンライン診療恒久化へ、報酬見直しも」　厚労相
https://t.co/zi2iRJQEzX",271,103,1306954863029354496,nikkei,Fri Sep 18 13:54:56 +0000 2020
1834,"「プレステの父」久多良木氏、AI新興のCEOに
https://t.co/7DiKOQWe74",358,199,1306946566465282048,nikkei,Fri Sep 18 13:21:57 +0000 2020
1835,"TikTok WeChat 20日からダウンロード禁止　米商務省発表
https://t.co/N5D4bjtxtf",484,328,1306942261914079232,nikkei,Fri Sep 18 13:04:51 +0000 2020
1838,"TikTokとWeChatの提供を20日から停止　米商務省が発表
https://t.co/vCbimgxaqV",740,592,1306928662973874177,nikkei,Fri Sep 18 12:10:49 +0000 2020
1847,"フルモデルチェンジできず、航続距離を増やせず、コスト削減進まず…。世界初の量産電気自動車（EV）アイ・ミーブが生産終了へ。資金や開発力に乏しい企業の淘汰が始まりました。
#日経イブニングスクープ
https://t.co/sZzMD0aAfV",143,132,1306884429546225665,nikkei,Fri Sep 18 09:15:03 +0000 2020
1849,"三菱自「アイ・ミーブ」生産終了へ　世界初の量産EV
https://t.co/HlNTvfYYBi",163,131,1306880880124796928,nikkei,Fri Sep 18 09:00:57 +0000 2020
1853,"東京都で新たに220人感染　新型コロナ
https://t.co/fZq5kRNaTG",184,127,1306840098613334016,nikkei,Fri Sep 18 06:18:54 +0000 2020
1858,"ワニもヘリウムで声高く　京大准教授らイグ・ノーベル賞
https://t.co/boUsItwygQ",442,159,1306809391685890048,nikkei,Fri Sep 18 04:16:52 +0000 2020
1861,"携帯料金下げ「1割程度では改革にならない」　総務相
https://t.co/azEWM752BH",576,232,1306802587534938112,nikkei,Fri Sep 18 03:49:50 +0000 2020
1895,"ジャパンライフ元会長を逮捕　8千万円詐取容疑、警視庁など
https://t.co/LM2xCd2yrO",187,129,1306725083314941952,nikkei,Thu Sep 17 22:41:52 +0000 2020
1897,"「国から100万円もらえる」「税理士がいるから大丈夫」。持続化給付金の不正受給の申請者を勧誘したうたい文句。愛知県警が摘発した事件は400人以上が関わり被害は４億円。簡素化した手続きの弱みが狙われました。
https://t.co/d54I5KkO0m",377,272,1306722208128135176,nikkei,Thu Sep 17 22:30:26 +0000 2020
1904,"ジャパンライフ元会長ら逮捕へ　詐欺容疑、被害1800億円
https://t.co/3sCjyp3Wh4",145,115,1306687588606984192,nikkei,Thu Sep 17 20:12:52 +0000 2020
1909,"デジタル庁、21年に設置　トップに民間人検討
https://t.co/8H2K7XlytG",777,422,1306640299926548481,nikkei,Thu Sep 17 17:04:58 +0000 2020
1916,"本人確認の手続き突破、SBI証券で顧客資金流出
https://t.co/iN0oQdJEY2",130,110,1306628960470536192,nikkei,Thu Sep 17 16:19:54 +0000 2020
1918,"菅内閣支持率74%、発足時歴代3位　「人柄」を評価
https://t.co/GQlgaE6Ce0",1991,957,1306593992713277454,nikkei,Thu Sep 17 14:00:57 +0000 2020
1926,"運転免許証デジタル化　警察庁、年内に工程表作成
https://t.co/snthk06LGV",1335,645,1306554977666490375,nikkei,Thu Sep 17 11:25:55 +0000 2020
1930,"無印良品、ユニクロ　アイロン要らずのビジネスシャツ
https://t.co/mM4zmH7E8V",591,129,1306540647877206016,nikkei,Thu Sep 17 10:28:59 +0000 2020
1940,"香港ファンドPAG、日本の不動産に最大8000億円投資
https://t.co/uWpEluiS5I",326,146,1306518498386964480,nikkei,Thu Sep 17 09:00:58 +0000 2020
1942,"TDL、「美女と野獣」などの新エリア28日開業
https://t.co/8xrC03kyjR",543,169,1306496859859345410,nikkei,Thu Sep 17 07:34:59 +0000 2020
1950,"運転免許デジタル化推進　国家公安委員長「首相の指示」
https://t.co/QhkD9lpcZC",307,121,1306470675423453184,nikkei,Thu Sep 17 05:50:56 +0000 2020
1952,"SBI証券に報告命令　金融庁、顧客資金流出で
https://t.co/QxeW6aXWe5",291,107,1306453025880334337,nikkei,Thu Sep 17 04:40:48 +0000 2020
1958,"日銀、大規模緩和の維持を決定
https://t.co/uEYm8Y3rPp",466,159,1306427110039322624,nikkei,Thu Sep 17 02:57:49 +0000 2020
1966,"知らぬ間に口座空っぽ　SBI証券の顧客資金流出
https://t.co/7rNUTRjDmu",286,245,1306422579100434435,nikkei,Thu Sep 17 02:39:49 +0000 2020
1982,"赤信号で停止中に追突されても、保険会社は示談交渉してくれません。被害者と加害者の過失割合が0%対100%となる「もらい事故」。その理由を解説します。
https://t.co/UQrkJI9h4H",273,138,1306369597705261056,nikkei,Wed Sep 16 23:09:17 +0000 2020
1989,"十六銀行が全店で固定電話を廃止へ。口座の引き落とし確認などコールセンターで対応。全行員にスマホを貸与し、個別に接客が必要な場合は取り次ぎます。事務負担軽減が狙い。
https://t.co/axO4OTOhsM",1047,343,1306355238165778433,nikkei,Wed Sep 16 22:12:14 +0000 2020
1990,"ソニーのPS5、4万9980円で11月12日発売　Xboxと並ぶ
https://t.co/S1XXkPoQ3A",780,510,1306337557697818624,nikkei,Wed Sep 16 21:01:58 +0000 2020
1995,"今夏の北半球、史上最も暑かった　過去平均より1度高く
https://t.co/8SXYjzxB5C",261,160,1306297014368399360,nikkei,Wed Sep 16 18:20:52 +0000 2020
1996,"FRB、23年末までゼロ金利　利上げは物価2%到達後
https://t.co/4DdmDwWGBF",172,114,1306295493392121856,nikkei,Wed Sep 16 18:14:50 +0000 2020
2011,"米議会報告書、ボーイング「欠陥隠し」と指摘
https://t.co/3BNJLZGpda",798,958,1306179004391518209,nikkei,Wed Sep 16 10:31:56 +0000 2020
2018,"ゆうちょ銀、不正引き出し1811万円　LINEペイでも
https://t.co/h5bkDNYvbU",374,422,1306134704811159552,nikkei,Wed Sep 16 07:35:55 +0000 2020
2021,"シンガポール、早慶卒のビザ厳格化　邦人駐在員3割減も
https://t.co/nVWiVXK9WT",2504,1274,1306114069884071937,nikkei,Wed Sep 16 06:13:55 +0000 2020
2022,"SBI証券、顧客資金9864万円が流出　偽口座に送金
https://t.co/jqb7TYFDRi",2283,2820,1306112802931707905,nikkei,Wed Sep 16 06:08:53 +0000 2020
2023,"JR東・西が民営化後最大の赤字　今期、東は4180億円
https://t.co/Eyk1icz9OB",996,864,1306111779651477504,nikkei,Wed Sep 16 06:04:49 +0000 2020
2027,"メルペイでも不正利用　ゆうちょ銀口座で被害拡大
https://t.co/6SlMulDqnM",148,167,1306073797036916737,nikkei,Wed Sep 16 03:33:53 +0000 2020
2037,"日産自動車がスポーツ車「フェアレディZ」新型の試作車を発表しました。現行モデルから約13年ぶりの刷新。「革新の伝統を受け継ぐスポーツカーとして世に送り出す」と内田誠社長兼CEO。
https://t.co/B4zqKvIYMh",852,374,1306060687274323968,nikkei,Wed Sep 16 02:41:47 +0000 2020
2042,"ペイペイ、ゆうちょ銀と口座登録停止 不正17件141万円
https://t.co/Dh7guiysxN",151,129,1306041854564028418,nikkei,Wed Sep 16 01:26:57 +0000 2020
2047,"安倍内閣が総辞職　連続在任最長、2822日で幕
https://t.co/jdeibkwzme",384,160,1306028244043313152,nikkei,Wed Sep 16 00:32:52 +0000 2020
2060,"「ドコモ口座」以外に「PayPay（ペイペイ）」など5社でも不正引き出しの被害に。ゆうちょ銀行が連携するキャッシュレス決済サービス。新規口座登録の停止などの対応をしています。
https://t.co/YI3t7LwE0e",142,173,1305994764395974656,nikkei,Tue Sep 15 22:19:50 +0000 2020
2063,"Apple、血中酸素測れる「Watch」発表　「iPad」も刷新
https://t.co/APDkO3nqBf",341,109,1305962066188984321,nikkei,Tue Sep 15 20:09:54 +0000 2020
2075,"本人確認不十分なら入金停止　金融庁が決済各社に要請
https://t.co/fErvNAcFK6",256,165,1305885063423303680,nikkei,Tue Sep 15 15:03:55 +0000 2020
2087,"ゆうちょ銀被害、ペイペイなど6社で不正引き出し
https://t.co/PHrKiSxRpP",338,260,1305823393128747010,nikkei,Tue Sep 15 10:58:52 +0000 2020
2092,"サイゼリヤが持ち帰りや宅配にも対応した小型店を出店します。コンビニ程度の広さで賃料や設備が少なく出店費用を半減。コロナによる苦戦を受け、事業モデルの転換を急ぎます。
#日経イブニングスクープ
https://t.co/3WcS1KkLUo",862,723,1305800676010872834,nikkei,Tue Sep 15 09:28:36 +0000 2020
2099,"タカラトミーの新玩具、数時間で完売　ネットで話題
https://t.co/eWT5l6MSl6",1128,655,1305772328752566272,nikkei,Tue Sep 15 07:35:57 +0000 2020
2106,"官房長官に加藤勝信氏を内定
https://t.co/FphmhSils9",360,224,1305747389240623104,nikkei,Tue Sep 15 05:56:51 +0000 2020
2108,"ゆうちょ口座の新規登録停止　Kyash、不正引き出し調査
https://t.co/etMJZmtlro",579,817,1305728027385425920,nikkei,Tue Sep 15 04:39:55 +0000 2020
2122,"NTTドコモの電子決済サービス「ドコモ口座」を使った不正な引き出しが、全国の地方銀行で相次いでいます。各行の対応をまとめました。
https://t.co/2anwMDlAk3",239,264,1305696802373611521,nikkei,Tue Sep 15 02:35:51 +0000 2020
2125,"米レコード販売がCD抜く　20年16月、1980年代以来初
https://t.co/zGQqOCoX7H",435,212,1305693558138044416,nikkei,Tue Sep 15 02:22:57 +0000 2020
2128,"インフル患者、9月第1週は3人　昨年の1000分の1以下
https://t.co/yF4dNlKu2C",3050,2566,1305691017799069696,nikkei,Tue Sep 15 02:12:51 +0000 2020
2131,"金星大気に生命の可能性か　特徴的な成分検出
https://t.co/FCQfmtQuCt",341,159,1305679440748318721,nikkei,Tue Sep 15 01:26:51 +0000 2020
2137,"英貿易相「21年初頭にTPP正式加盟申請」
https://t.co/qujZAdVpfx",191,116,1305648732826824704,nikkei,Mon Sep 14 23:24:50 +0000 2020
2140,"マイナンバーカード、次の目玉は健康保険証としての利用。月替わりの保険証確認が不要になり、過去の処方薬や手術歴なども共有できれば問診時間が削減できます。「デジタル庁」の創設も後押ししそうです。
https://t.co/FwiDuTnxJ6",543,300,1305639297639428096,nikkei,Mon Sep 14 22:47:20 +0000 2020
2161,"生保営業職、3カ月で3000人増　コロナ離職者の受け皿に
https://t.co/vAF9PadKkR",519,210,1305525458851692547,nikkei,Mon Sep 14 15:14:59 +0000 2020
2166,"【日経特報】麻生副総理・財務相再任へ
https://t.co/kPFEcnFIRZ",648,479,1305500262354747394,nikkei,Mon Sep 14 13:34:52 +0000 2020
2168,"アップルウオッチ、医療機器に　心電計アプリ
https://t.co/6aW5UWV9Iu",450,169,1305491709594185728,nikkei,Mon Sep 14 13:00:53 +0000 2020
2176,"火星、木星間の準惑星　地底に塩水、氷火山も活動か
https://t.co/fROuFKz0IR",388,153,1305454485603381248,nikkei,Mon Sep 14 10:32:58 +0000 2020
2181,"ニンテンドースイッチの2020年度の生産台数が過去最大の2500万台規模に。巣ごもり消費が追い風です。車載向けが振るわない半導体・電子部品メーカーにとっては業績下支えになります。
#日経イブニングスクープ
https://t.co/TFqUa9dxM9",347,185,1305436133971628032,nikkei,Mon Sep 14 09:20:02 +0000 2020
2184,"任天堂「スイッチ」、生産最多の2500万台　今年度
https://t.co/uDZFaCxq8s",191,110,1305431307044835328,nikkei,Mon Sep 14 09:00:51 +0000 2020
2186,"【日経特報】オリエンタルランド、正社員賞与7割減　ダンサー配置転換
https://t.co/DrY48Uy4rX",5657,6148,1305415942764072960,nikkei,Mon Sep 14 07:59:48 +0000 2020
2190,"安倍晋三首相の後継を決める自民党総裁選は都内のホテルで投開票し、新総裁に菅義偉官房長官を選出しました。2位は岸田文雄政調会長で、石破茂元幹事長は3位でした。総裁選ドキュメントです。
https://t.co/d7EWtVXykT https://t.co/qoErHQfgAS",2115,1233,1305396470921809922,nikkei,Mon Sep 14 06:42:26 +0000 2020
2191,"菅氏圧勝、377票獲得　自民党総裁選 
https://t.co/p3sXVW5Nx7",962,415,1305394075424624642,nikkei,Mon Sep 14 06:32:55 +0000 2020
2204,"ソフトバンクG、投資事業に集中　英アーム売却発表
https://t.co/tAwavpKnDH",437,332,1305339946387951616,nikkei,Mon Sep 14 02:57:49 +0000 2020
2205,"中国の華為技術（ファーウェイ）に課す米商務省の規制が15日に実施されます。製品がファーウェイの手に渡らない調査義務まで課せられ電子部品メーカーは取引先との訴訟リスクも抱えることになります。
https://t.co/6q6TONY0wZ",300,262,1305337847164145669,nikkei,Mon Sep 14 02:49:29 +0000 2020
2216,"「YouTuber」も養成、専門学校に応募が殺到
https://t.co/YsdemsBTbs",341,222,1305294685934514178,nikkei,Sun Sep 13 23:57:58 +0000 2020
2218,"ソフトバンクG、英アーム売却発表　米エヌビディアに
https://t.co/wCKmAQShnD",204,206,1305287349186695170,nikkei,Sun Sep 13 23:28:49 +0000 2020
2226,"ユーチューバー養成学校とも言える専門学校「バンタンクリエイターアカデミー」が2021年4月に開校します。23年制でユーチューブなど主にネット向け動画作成の技術を教えます。
https://t.co/f4J3suSDoo",179,130,1305270157393170432,nikkei,Sun Sep 13 22:20:30 +0000 2020
2238,"大戸屋、TOBで敗北　戦いの場「キッチン」にあらず
https://t.co/6SrRvpu6N0",329,137,1305214886901813248,nikkei,Sun Sep 13 18:40:53 +0000 2020
2241,"「ここまで良い条件なら」「投資会社として価値を最大化するドライな決断」。ソフトバンクグループが傘下の半導体設計Arm（アーム）をNVIDIA（エヌビディア）に売却する方針です。
https://t.co/vhIygq0wzc",254,118,1305158701796466689,nikkei,Sun Sep 13 14:57:37 +0000 2020
2251,"コンビニ崩れた方程式　公取委、24時間営業強制に警告
https://t.co/db4M3ij7J2",318,142,1305093884788301824,nikkei,Sun Sep 13 10:40:04 +0000 2020
2256,"消えゆく「学校のウサギ」　教員の働き方改革で
https://t.co/OT4Pcp9Tuv",396,213,1305057124095897600,nikkei,Sun Sep 13 08:13:59 +0000 2020
2258,"「ー」は数字か記号か　省庁、データ表記統一へ
https://t.co/MUHl8xT3Eo",361,192,1305045518129664000,nikkei,Sun Sep 13 07:27:52 +0000 2020
2261,"「座りっぱなし」は健康むしばむ　がん死亡リスク高く
https://t.co/MIkaoBhnEg",398,193,1305034191516520449,nikkei,Sun Sep 13 06:42:52 +0000 2020
2268,"不正なぜ広がった、ドコモ口座Q&amp;A
https://t.co/FXUewhxZrq",355,246,1304985117257990144,nikkei,Sun Sep 13 03:27:52 +0000 2020
2271,"(1)文章を短く(2)難しい単語を使わない――。医療や災害の現場で、一般的な日本語より平易な「やさしい日本語」を使う動きが広がる背景を探ります。

医療・防災に「やさしい日本語」　新型コロナでも注目… https://t.co/0RvlJeROoH",520,196,1304967227490349056,nikkei,Sun Sep 13 02:16:46 +0000 2020
2275,"アストラゼネカが新型コロナウイルスのワクチン臨床試験（治験）をイギリスで再開。副反応の疑いを受けて世界で治験を中止していましたが、他の国でも許可が得られ次第再開し、早期のワクチン供給をめざします。
#新型コロナ #COVID19
https://t.co/btAId7bJ1t",178,109,1304939476142223360,nikkei,Sun Sep 13 00:26:30 +0000 2020
2279,"セイカ食品「ボンタンアメ」1世紀変わらぬ懐かしさ
https://t.co/Esvp7dLgpr",615,141,1304930537501388800,nikkei,Sat Sep 12 23:50:59 +0000 2020
2282,"大坂なおみ選手がテニスの全米オープンでビクトリア・アザレンカ選手を破り、2年ぶり2度目の優勝。2018年全米、19年全豪に続き3回目の四大大会優勝です。
https://t.co/Y9EknkdrgC",1132,339,1304912712254853120,nikkei,Sat Sep 12 22:40:09 +0000 2020
2284,"ソフトバンクG、半導体アームをエヌビディアに売却へ
https://t.co/CIsJzwKBod",870,644,1304907358888370178,nikkei,Sat Sep 12 22:18:53 +0000 2020
2285,"大坂なおみ、全米2年ぶり優勝　テニス四大大会3勝目
https://t.co/hSsFFMuNSJ",2469,601,1304905840789344256,nikkei,Sat Sep 12 22:12:51 +0000 2020
2287,"「アメリカですらやらないようなフロンティアに、中国が挑む傾向がある」一方、日本は新領域に挑戦する意欲を失った恐れ。安倍長期政権下での科学技術政策を振り返ります。
https://t.co/ItUB7V08sj",182,107,1304894767650820099,nikkei,Sat Sep 12 21:28:51 +0000 2020
2291,"なぜ大学は通えないの？　1年生の上げられない「声」
https://t.co/rk0FDqwq7o",317,130,1304843706164412416,nikkei,Sat Sep 12 18:05:57 +0000 2020
2305,"花王を悩ます「FAX信仰」、コロナ特需で電子化進まず
https://t.co/0lFFiZLGqD",365,151,1304751642508693504,nikkei,Sat Sep 12 12:00:07 +0000 2020
2310,世界の稼ぎ頭、コロナで激変　純利益で半導体・IT躍進 https://t.co/nAMTAUgD3h,561,226,1304736539461783552,nikkei,Sat Sep 12 11:00:06 +0000 2020
2312,"タクシー飲食配送10月全面解禁　コロナ特例を恒久化
https://t.co/gImqpGnZAZ",224,119,1304729003765510144,nikkei,Sat Sep 12 10:30:09 +0000 2020
2318,"近鉄、遅い特急で新幹線に挑む　「ひのとり」開発秘話
https://t.co/aUzMQV78y6",259,120,1304708045075656706,nikkei,Sat Sep 12 09:06:52 +0000 2020
2329,"投資サークル、理系学生集う　データ分析で相場予測
https://t.co/RrRjdoRvOS",544,135,1304624774354595840,nikkei,Sat Sep 12 03:35:59 +0000 2020
2331,"教員が「部屋映せ」　大学、遠隔授業でトラブル多発
https://t.co/VVA4bwQ8iE",229,139,1304612401493372928,nikkei,Sat Sep 12 02:46:49 +0000 2020
2333,"米オレゴン州、50万人に避難準備指示　山火事が拡大
https://t.co/p1azEKRR3t",111,102,1304602087104233472,nikkei,Sat Sep 12 02:05:50 +0000 2020
2341,"大手銀行の再編を主導し、三井住友銀行の初代頭取や日本郵政の社長を務めた西川善文氏が死去しました。82歳でした。
https://t.co/u8vBkw4DNc",434,299,1304526364532498432,nikkei,Fri Sep 11 21:04:56 +0000 2020
2342,"世界最強？　「絶対に切れない」材料が誕生
https://t.co/3zOPiEfIXC",406,166,1304523587685027845,nikkei,Fri Sep 11 20:53:54 +0000 2020
2344,"イスラエルと国交正常化、バーレーンも合意　米発表
https://t.co/4NPrhdR55h",204,115,1304484602711437312,nikkei,Fri Sep 11 18:19:00 +0000 2020
2346,"三菱商事、インドネシアでスマートシティー開発
https://t.co/suZYAsFs87",850,235,1304465719707332608,nikkei,Fri Sep 11 17:03:58 +0000 2020
2349,"気軽に鉄道旅　JR西日本の観光寝台「銀河」デビュー
https://t.co/pUB1acOg6N",283,103,1304465716691705856,nikkei,Fri Sep 11 17:03:57 +0000 2020
2358,"「1日に約1万3000件の取引がある。既存顧客のサービスを止めると影響が大きい」とNTTドコモ。ドコモ口座は17の銀行で引き続き利用でき、預金の不正引き出しが起きるリスクあり。被害額は約2000万円に拡大しました。
https://t.co/PjNCjQKanf",430,663,1304405451958898690,nikkei,Fri Sep 11 13:04:29 +0000 2020
2360,"ドコモ口座、17行なお稼働　被害額2000万円に拡大
https://t.co/Jb75OhHazI",334,383,1304388949293449218,nikkei,Fri Sep 11 11:58:54 +0000 2020
2378,"日英、通商協定で大筋合意
https://t.co/kzboVlF6ok",697,299,1304320235512557568,nikkei,Fri Sep 11 07:25:51 +0000 2020
2388,"菅氏「今後10年上げる必要ない」　消費税増税で
https://t.co/kMFvLqWFpW",294,127,1304270660672380929,nikkei,Fri Sep 11 04:08:52 +0000 2020
2392,"消費税率の引き上げが必要という前日の考えは「あくまで将来的な話としてお答えした」と菅義偉官房長官。「安倍晋三首相は今後10年上げる必要がないと発言した。私も同じ考えだ」としました。
https://t.co/fKEa97cpw9",1444,1460,1304257289713524738,nikkei,Fri Sep 11 03:15:44 +0000 2020
2394,"はとバス60台で巨大迷路　眠る観光バスを有効活用
https://t.co/CirIVLGGTg",828,409,1304251779291533312,nikkei,Fri Sep 11 02:53:50 +0000 2020
2395,"はとバス60台で巨大迷路　眠る観光バスを有効活用
https://t.co/3BRhe2AdwN",426,177,1304251263098523651,nikkei,Fri Sep 11 02:51:47 +0000 2020
2402,"モーリシャス環境保護に10億円　商船三井が基金設立発表
https://t.co/OC0j2Ts4sP",303,148,1304242729870749696,nikkei,Fri Sep 11 02:17:53 +0000 2020
2403,"「時すでに遅し、だった」。日本国内で確保できたインフルエンザワクチン供給量は国民の半分程度。新型コロナとの同時流行懸念でワクチン争奪戦が起きています。
#新型コロナ #COVID19
https://t.co/7vN5lajrR7",252,205,1304240649491943425,nikkei,Fri Sep 11 02:09:37 +0000 2020
2409,"スポーツ庁長官に室伏氏を起用　ハンマー投げ金メダル
https://t.co/vmI543TJ8r",695,206,1304229648629248006,nikkei,Fri Sep 11 01:25:54 +0000 2020
2418,"ウニや貝も「完全養殖」へ　エサ探し急ピッチ
https://t.co/qaARM92Rl9",350,163,1304208013754941441,nikkei,Thu Sep 10 23:59:56 +0000 2020
2424,"ドコモ口座不正　誰もが被害の可能性
https://t.co/WNw0P5ThRV",241,242,1304201698135605248,nikkei,Thu Sep 10 23:34:50 +0000 2020
2426,"偽SMSが突く恐ろしい仕様　慣れた人ほどだまされる
https://t.co/lwrlkABQc1",639,501,1304201477531992065,nikkei,Thu Sep 10 23:33:57 +0000 2020
2428,"「食事配達中の自転車が信号無視している」といった苦情に対応。愛知県警がUberEats（ウーバーイーツ）の日本法人に交通ルールの順守を要請し、集中取り締まりで52人に警告票を出しました。
https://t.co/hGn1h9FOXL",1051,640,1304196729844228096,nikkei,Thu Sep 10 23:15:05 +0000 2020
2435,"「現金が確保できるなら何でもする」と居酒屋「金の蔵」でレンタルスペース。「居酒屋に固執すれば生き残れなくなる」と焼肉店を展開するワタミ。外食の苦闘を追いました。
https://t.co/x2fwliV1it",243,121,1304174076970270724,nikkei,Thu Sep 10 21:45:04 +0000 2020
2436,"「将来的なことを考えたら行政改革を徹底したうえで引き上げざるを得ない」「少子高齢化社会でどんなに頑張っても人口減少を避けることができない」。菅義偉官房長官が消費税引き上げの可能性に言及しました。
https://t.co/7pVu65WBsV",556,287,1304169212995403778,nikkei,Thu Sep 10 21:25:45 +0000 2020
2447,"菅氏、消費税「将来は引き上げざるを得ない」
https://t.co/8Ti7RJ4z1H",758,534,1304089718162825217,nikkei,Thu Sep 10 16:09:52 +0000 2020
2457,"ドコモ口座、安全後回し　スマホ認証や顔認証求めず
https://t.co/h3EA7QcgzJ",298,217,1304033352480030720,nikkei,Thu Sep 10 12:25:53 +0000 2020
2463,"7年近く上がり続けてきた東京都心（千代田・中央・港・新宿・渋谷区）のオフィスビル賃貸料が8月は下落。空室率は3%台に上昇。オフィス市況は転換局面に入りました。
https://t.co/jvUwi7ni94",272,135,1304014952055934983,nikkei,Thu Sep 10 11:12:46 +0000 2020
2467,"「GoTo」補助、東京発着追加へ　10月1日にも
https://t.co/rbCkFkzV8K",403,214,1303999395059257344,nikkei,Thu Sep 10 10:10:57 +0000 2020
2470,"「本人確認が十分でなかった」「悪意を持って使う人を排除するセキュリティーが不十分だった」「通帳などで取引履歴や残高を確認してもらうしかない」。ドコモ口座の不正利用問題でNTTドコモが会見しました。
https://t.co/pwFU3y19ue",326,479,1303992002871205888,nikkei,Thu Sep 10 09:41:35 +0000 2020
2472,"都心オフィス賃料、80カ月ぶりの下落
https://t.co/8Q6e38iA3g",541,268,1303984299910164480,nikkei,Thu Sep 10 09:10:58 +0000 2020
2475,"東京都、夜10時までの時短営業　15日で終了へ
https://t.co/cZsKenpcaf",307,148,1303967672393113601,nikkei,Thu Sep 10 08:04:54 +0000 2020
2480,"東京都、10日は新たに276人感染　新型コロナ
https://t.co/qTSjOgY8yO",193,140,1303947283298353152,nikkei,Thu Sep 10 06:43:53 +0000 2020
2481,"アマゾン、1400社に20億円返金　公取委が改善計画認定
https://t.co/ORR5NuZr2U",213,124,1303937991040102402,nikkei,Thu Sep 10 06:06:57 +0000 2020
2485,"花王を悩ます「FAX信仰」、コロナ特需で電子化進まず
https://t.co/ReyyVdbG6c",516,300,1303919845331755010,nikkei,Thu Sep 10 04:54:51 +0000 2020
2501,"トランプ氏、ノーベル平和賞候補入り 米政府発表
https://t.co/G1N8ruD524",2862,658,1303858222256648192,nikkei,Thu Sep 10 00:49:59 +0000 2020
2505,"LINEと松竹が提携、映画や歌舞伎を共同配信
https://t.co/RgoNgjtIe0",447,352,1303846122633347073,nikkei,Thu Sep 10 00:01:54 +0000 2020
2507,"「口座情報が横流しされている」と警察を装ってハサミでカードに切れ込み。使えなくなったと安心させてカードを持ち去り、総額1400万円の被害も。そんな特殊詐欺が増えています。
https://t.co/49L4u3kjtY",830,1358,1303839710243180544,nikkei,Wed Sep 09 23:36:25 +0000 2020
2508,"マスク着用やソーシャルディスタンスが徹底されず。アメリカで約46万人が参加したオートバイ集会が26万人超の新型コロナ感染につながった可能性を、米労働経済学研究所とサンディエゴ大学が指摘しました。
https://t.co/42yyL9v182",150,127,1303839512263622661,nikkei,Wed Sep 09 23:35:38 +0000 2020
2512,"LVMHモエヘネシー・ルイヴィトンが、2019年に決めたティファニーの買収を断念。アメリカ政府がフランス製品に追加関税をかける動きを理由としましたが、ティファニーは意図的に買収を遅らせたとしてLVMHを訴えました。
https://t.co/6KumPtxB3F",237,163,1303826464954032131,nikkei,Wed Sep 09 22:43:47 +0000 2020
2516,"Microsoft、IE見限る　利用企業はどうする
https://t.co/Iiwte9c5cP",402,231,1303818709648076800,nikkei,Wed Sep 09 22:12:58 +0000 2020
2518,"東京都は23区内の飲食店とカラオケ店への午後10時までの営業時間短縮要請を、予定通り9月15日で終了する方向。警戒レベルも1段階引き下げる方針です。
#新型コロナ #COVID19
https://t.co/4qKw3UHRDR",289,215,1303794421171974144,nikkei,Wed Sep 09 20:36:27 +0000 2020
2524,"東京都、時短営業要請を終了へ　警戒レベルも引き下げ
https://t.co/xzOZNcvTt1",269,191,1303740671660945410,nikkei,Wed Sep 09 17:02:53 +0000 2020
2528,"ドコモ口座不正引き出し、りそな銀で昨年5月にも
https://t.co/tYaiJGhGy3",183,251,1303710246615937024,nikkei,Wed Sep 09 15:01:59 +0000 2020
2532,"電子決済「ドコモ口座」を使った預金の不正引き出しが相次ぎ、NTTドコモが35の銀行で新規登録を一斉停止する方針。安全性が確保されるまで登録を見合わせます。#日経特報
https://t.co/7Ht15Z9fOP",265,288,1303684973405310976,nikkei,Wed Sep 09 13:21:33 +0000 2020
2533,"LVMH、ティファニー買収断念　米関税背景と説明
https://t.co/0defW9OTBj",256,103,1303675508324839425,nikkei,Wed Sep 09 12:43:56 +0000 2020
2534,"ドコモ口座、35の全銀行で新規登録停止へ
https://t.co/TmTBbOeLR2",704,1111,1303669191929593857,nikkei,Wed Sep 09 12:18:51 +0000 2020
2543,"陽性者が外出制限に従わず他人に感染させた場合に過料を科す内容で、成立すればコロナ対策で全国初の罰則付き条例に。東京都議会の最大会派、都民ファーストの会の条例案です。
#新型コロナ #COVID19
https://t.co/S0CYtzk3Bw",503,507,1303649175528239105,nikkei,Wed Sep 09 10:59:18 +0000 2020
2544,"パスワードは固定し、口座番号などIDを変えてログインを繰り返す攻撃「リバースブルートフォース」か。ドコモ口座を使った銀行預金不正引き出しのセキュリティー問題を探ります。
https://t.co/xpq4z8MFhZ",365,375,1303649126962417664,nikkei,Wed Sep 09 10:59:07 +0000 2020
2548,"小田急百貨店は、ビル着工を始める2022年度までに一時閉店。地上48階・高さ約260m、地下5階建てで商業施設やオフィスで構成。小田急電鉄と東京メトロが新宿駅西口に建設する超高層ビルの概要です。
https://t.co/Vbimm4yiZW",503,357,1303634368133509123,nikkei,Wed Sep 09 10:00:28 +0000 2020
2551,"2020年度内にまず東京都内100店で始め、1000店規模に拡大。セブンイレブンがコンビニ店舗から消費者に商品を直接届けるスピード宅配で、Amazon（アマゾン）などネット通販勢に対抗します。#日経イブニングスクープ

セブン、… https://t.co/nZUDtkWt1O",2405,2654,1303626721204350977,nikkei,Wed Sep 09 09:30:05 +0000 2020
2555,"Suica（スイカ）など交通系ICカードを持たない客もチケットレスで利用できる手段に。紙の切符やIC乗車券の代わりにQRコードをかざすと通過できる自動改札機の実証実験を、JR東日本が新宿駅で始めました。
https://t.co/3HULggV119",403,260,1303621381851148291,nikkei,Wed Sep 09 09:08:52 +0000 2020
2557,"菅氏、不妊治療の保険適用「早急に進める」
https://t.co/bWX80TIJKw",420,114,1303614969662115840,nikkei,Wed Sep 09 08:43:23 +0000 2020
2566,"ミネラルウオーターも「脱プラ」　紙容器が相次ぎ登場
https://t.co/2FmNOGkhOn",387,134,1303526280504066048,nikkei,Wed Sep 09 02:50:58 +0000 2020
2570,"大林組、全建機を無人化へ　まずタワークレーン
https://t.co/ZbS7mWjrTF",722,343,1303523500838105088,nikkei,Wed Sep 09 02:39:55 +0000 2020
2581,"英アストラゼネカ、ワクチン最終治験一時中断　米報道
https://t.co/vcVusk2fMh",597,725,1303478200874401792,nikkei,Tue Sep 08 23:39:55 +0000 2020
2586,"イオン銀行、北洋銀行、伊予銀行、東邦銀行……。電子決済「ドコモ口座」を使った銀行口座の不正利用問題で、七十七銀行と中国銀行、大垣共立銀行に続き新たに14の銀行がドコモ口座の新規登録を停止しました。
https://t.co/xPPHyB1hgS",549,881,1303456860469686272,nikkei,Tue Sep 08 22:15:07 +0000 2020
2587,"Apple（アップル）がアメリカ西部時間9月15日午前10時（日本時間16日午前2時）から特別イベントをオンラインで開催。現地メディアは複数機種の新型iPhoneやApple Watch新機種などを発表すると報じています。
https://t.co/2Xz2A411cO",214,132,1303456858468909056,nikkei,Tue Sep 08 22:15:06 +0000 2020
2588,"隠れ残業でテレワーク疲れ　公私切り分け悩む社員
https://t.co/l2QnPWxzW8",306,141,1303455781757440001,nikkei,Tue Sep 08 22:10:50 +0000 2020
2595,"NYダウ632ドル安　ハイテク株急落、テスラは21%安
https://t.co/3PhWOxUzl5",493,368,1303432141993369607,nikkei,Tue Sep 08 20:36:53 +0000 2020
2596,"Apple、15日に特別イベント　5G対応iPhone発表か
https://t.co/ymbyRuEStS",218,117,1303430363096788992,nikkei,Tue Sep 08 20:29:49 +0000 2020
2597,"「ドコモ口座」、新たに14の銀行で新規登録を停止
https://t.co/FOu7FLRuPT",143,214,1303429640925532160,nikkei,Tue Sep 08 20:26:57 +0000 2020
2603,"AOKI、娯楽がスーツ超えへ　カフェなど22年度利益逆転
https://t.co/8474cBdWbn",1541,917,1303348107585888257,nikkei,Tue Sep 08 15:02:58 +0000 2020
2616,"客室乗務員がマスク着用を求めると「要請するなら書面を出せ」と拒否し、出発45分遅れ。飛行中も大声を出すなど威圧的な態度。ピーチ・アビエーション機が臨時着陸して乗客男性を降ろすトラブルがありました。
https://t.co/YwkCdAWDcG",486,268,1303323424094334981,nikkei,Tue Sep 08 13:24:53 +0000 2020
2617,"5G対応iPhoneの量産を9月中旬にも始めるとApple（アップル）が複数のサプライヤーに伝達。計4機種のうち6.1型の有機EL、背面カメラ2つの廉価版1モデルから生産を始める見込みです。（会員向け記事です。登録無料）
https://t.co/Ew6aMjl0mF",285,176,1303323048611897349,nikkei,Tue Sep 08 13:23:24 +0000 2020
2622,"ドイツ、中国依存を転換　アジア政策で日本などと連携
https://t.co/sz5LGLnB8p",2838,1075,1303299256023834624,nikkei,Tue Sep 08 11:48:51 +0000 2020
2624,"PC記憶装置の主役交代　SSD搭載6割、HDD抜く
https://t.co/cg0X8DLLes",487,235,1303289471685730304,nikkei,Tue Sep 08 11:09:58 +0000 2020
2629,"「ドコモ口座」で不正利用被害　七十七銀や中国銀
https://t.co/UzwiPySzox",85,104,1303276593960292353,nikkei,Tue Sep 08 10:18:48 +0000 2020
2632,"不正に取得した銀行口座番号とキャッシュカード暗証番号を使って「ドコモ口座」を開設、送金して引き出しか。七十七銀行や中国銀行、大垣共立銀行の口座で不正利用が確認され、さらに広がる可能性があります。
https://t.co/7RbdzkmdTK",621,1508,1303268683809202176,nikkei,Tue Sep 08 09:47:22 +0000 2020
2636,"俳優の伊勢谷友介容疑者逮捕　警視庁、大麻取締法違反
https://t.co/D84h1BoHCR",803,709,1303256218517925888,nikkei,Tue Sep 08 08:57:50 +0000 2020
2641,"9月から3000円「値上げ」も？　自分の年金を知ろう
https://t.co/yruBEdtDZh",166,106,1303225270166405120,nikkei,Tue Sep 08 06:54:51 +0000 2020
2643,"コロワイドによる大戸屋HDへの敵対的TOB（株式公開買い付け）は、保有分と応募分で計46%程度となり成立の見通し。コロワイドは大戸屋を傘下に収め再建を目指します。#日経特報
https://t.co/kdRi7aKnsl",193,271,1303220539050176513,nikkei,Tue Sep 08 06:36:03 +0000 2020
2644,"菅氏「最低賃金、全国的に引き上げを」　総裁選演説会
https://t.co/PqxCwUV5vg",493,164,1303215464076591105,nikkei,Tue Sep 08 06:15:53 +0000 2020
2646,"【日経特報】コロワイド、大戸屋HDへの敵対的TOB成立
https://t.co/WZKs0vCfiq",939,1130,1303211673654685696,nikkei,Tue Sep 08 06:00:50 +0000 2020
2647,"菅氏「不妊治療に保険適用」　自民党総裁選演説会
https://t.co/oIqZ7HxNTV",32799,14022,1303199368879644673,nikkei,Tue Sep 08 05:11:56 +0000 2020
2651,"携帯電話の番号持ち運び制度（MNP）で一律3000円かかる手数料を原則無料とするなど、報告書案を総務省の有識者会議が了承。携帯会社を乗り換えしやすくし、世界的に高いとされる携帯料金の引き下げを目指します。
https://t.co/tWKg9h6qmu",248,122,1303180607992795136,nikkei,Tue Sep 08 03:57:23 +0000 2020
2655,"「餃子（ギョーザ）の街」として有名な宇都宮市と浜松市が、2020年上半期に1世帯当たり購入額で宮崎市に敗れる波乱。コロナを背景に、生餃子の自宅消費が高まっています。
https://t.co/46ecr39usA",528,348,1303162474074640385,nikkei,Tue Sep 08 02:45:20 +0000 2020
2657,"「中国とビジネスをしなければ巨額の損失を出すことはないだろう」「依存を終わらせる」。トランプ大統領は、中国と経済面で「デカップリング（切り離し）」を進めた方がアメリカの損失は少ないと表明しました。
https://t.co/GQTXu5TJSV",250,108,1303155683681021957,nikkei,Tue Sep 08 02:18:21 +0000 2020
2664,"唾液からインフルエンザと新型コロナの両ウイルスを同時に検出できるPCR検査装置を開発し、前処理工程を含めて20分程度で検査可能に。渋谷工業が鹿児島大学発スタートアップと共同で取り組みます。
#新型コロナ #COVID19
https://t.co/XPA7EowmTj",472,243,1303149580977164289,nikkei,Tue Sep 08 01:54:06 +0000 2020
2670,"4~6月GDP改定値、実質年率28.1%減に下方修正
https://t.co/W7XtKV3ZMX",167,138,1303124632094957569,nikkei,Tue Sep 08 00:14:57 +0000 2020
2680,"若手女性率いる、サッポロ「黒ラベル」が売れるワケ
https://t.co/qZsRzNJCVU",501,169,1303096923813941248,nikkei,Mon Sep 07 22:24:51 +0000 2020
2683,"新型コロナを背景にデジタル化や脱炭素が加速。ITや半導体関連が躍進し、金融やエネルギー、自動車が順位を落とす。世界の上場企業の純利益（直近四半期）ランキングです。
https://t.co/59CCmHn8O7",417,197,1303086928837967878,nikkei,Mon Sep 07 21:45:08 +0000 2020
2685,"ANA、ハワイ便を10月再開へ　半年ぶり
https://t.co/7FWteWnShU",1010,293,1303081844032696320,nikkei,Mon Sep 07 21:24:56 +0000 2020
2686,"PCR検査で、死んだ新型コロナのかけらを陽性として検知している可能性があるとオックスフォード大学の研究チームが指摘。「ごく少量のウイルスで陽性結果が出ないように基準を設けるべきだ」としています。
#新型コロナ #COVID19
https://t.co/brpPylKXlc",945,603,1303076587538206720,nikkei,Mon Sep 07 21:04:03 +0000 2020
2696,"世界の稼ぎ頭、コロナで激変　純利益で半導体・IT躍進
https://t.co/rOT2FQOoHR",649,312,1303047119213740032,nikkei,Mon Sep 07 19:06:57 +0000 2020
2704,"IOCコーツ氏「東京五輪の再延期・中止はない」
https://t.co/OC6FvGGxEO",269,130,1302980414567374849,nikkei,Mon Sep 07 14:41:53 +0000 2020
2705,"感染したことを免疫細胞に伝える物質「インターフェロン」を作らせないよう作用。新型コロナウイルスのたんぱく質に人の免疫を抑える働きがあることを、東京大学准教授らの研究チームが見つけました。
#新型コロナ #COVID19
https://t.co/Im1gk00IHs",733,460,1302964436806889483,nikkei,Mon Sep 07 13:38:24 +0000 2020
2709,"中国でチェコ製ピアノ発注取り消しの動き　訪台報復か
https://t.co/sgev8htjQG",204,132,1302955256360259584,nikkei,Mon Sep 07 13:01:55 +0000 2020
2722,"安藤忠雄氏「日本の停滞は、インテリが闘わないから」
https://t.co/ukeyvCNuNu",597,221,1302903155168960514,nikkei,Mon Sep 07 09:34:53 +0000 2020
2726,"住友商事、米シェールガスから撤退　権益を売却
https://t.co/hWn9N6A8b1",419,201,1302881029116448769,nikkei,Mon Sep 07 08:06:58 +0000 2020
2727,"東京都、新規感染者77人　2カ月ぶりの低水準に
https://t.co/tPfvj4yOCr",318,187,1302872204707680256,nikkei,Mon Sep 07 07:31:54 +0000 2020
2746,"筋トレが「苦行」から姿を変えつつある。
「キツくても楽しい！」。「みんなで筋肉体操」でおなじみ、近畿大准教授・谷本道哉の声がけは前向きだ。
ブームはビジネスの世界にも広がる。ライフスタイルに浸透した筋トレは「2.0」の時代に突入し… https://t.co/1QQCpCmZgJ",562,175,1302795194048356354,nikkei,Mon Sep 07 02:25:53 +0000 2020
2750,"政投銀、日産向け融資に政府保証　1300億円
https://t.co/r2FZjuFR40",162,117,1302761228851240960,nikkei,Mon Sep 07 00:10:55 +0000 2020
2751,"企業の労使協定書類で押印廃止　厚労省、21年度から
https://t.co/pL32Gnf8Ny",612,309,1302750665635065856,nikkei,Sun Sep 06 23:28:57 +0000 2020
2763,"「抗体が持続しないことが主な原因」「ワクチンは半年くらいしか効果がないかもしれない」。新型コロナから回復した患者が再び感染したとの報告が各国で相次いでいます。
#新型コロナ #COVID19
https://t.co/VYvbxIOF9o",1059,956,1302718858768379904,nikkei,Sun Sep 06 21:22:33 +0000 2020
2775,"香港警察、デモ参加者289人逮捕　違法集会などの容疑
https://t.co/ielSzOImVE",110,102,1302611750617935877,nikkei,Sun Sep 06 14:16:57 +0000 2020
2778,"ビックカメラがPB本格参入　生活家電など180種
https://t.co/X0XoJ0Dcbn",352,166,1302594377101975554,nikkei,Sun Sep 06 13:07:55 +0000 2020
2831,"菅氏、中小企業の再編促す　競争力強化へ法改正検討
https://t.co/R3SQjWFH4V",398,209,1302305707241304064,nikkei,Sat Sep 05 18:00:50 +0000 2020
2835,"匂いを感じないコロナ嗅覚障害　回復治療は未確立
https://t.co/nV5VNA2El9",186,148,1302235273703563265,nikkei,Sat Sep 05 13:20:58 +0000 2020
2837,太陽光発電、問われる環境対策　森林伐採や災害不安視 https://t.co/482p5JgarJ,236,165,1302230057981796356,nikkei,Sat Sep 05 13:00:14 +0000 2020
2840,ブレずに飛行　スカイドライブ、空飛ぶクルマを公開https://t.co/9zcT1EtXH9,683,280,1302226242364682241,nikkei,Sat Sep 05 12:45:05 +0000 2020
2842,"「地方の銀行多すぎる」　菅氏の真意
 https://t.co/DyWCxWNAIt",451,116,1302218688146403328,nikkei,Sat Sep 05 12:15:03 +0000 2020
2847,コメ需要「年22万トン減」の衝撃　生産抑制の政策限界https://t.co/hRz2KUdeg6,235,112,1302207387131162624,nikkei,Sat Sep 05 11:30:09 +0000 2020
2848,新材料ゴム×プラスチック　夢かなうかブリヂストンhttps://t.co/TSt4MnuzBD,349,102,1302203601125863428,nikkei,Sat Sep 05 11:15:06 +0000 2020
2852,SNSから本性バレた　知能や性格、AI実験に懸念も https://t.co/oUhj4YL6xm,242,136,1302188501774094336,nikkei,Sat Sep 05 10:15:06 +0000 2020
2863,"【日経特報】菅氏、デジタル庁創設検討　黒田日銀総裁の手腕「評価」
https://t.co/zLizy7e4oc",1735,868,1302109650246983681,nikkei,Sat Sep 05 05:01:47 +0000 2020
2867,"広がる「コロナ疲れ」　ストレス多く在宅勤務で休職も
https://t.co/AvIv7iDxGN",254,140,1302073189317578752,nikkei,Sat Sep 05 02:36:54 +0000 2020
2872,"「BAD HOP」　過酷で凄惨な日常、這い上がり遂げた成功
https://t.co/YbefGrXoqT",794,190,1302065140938858496,nikkei,Sat Sep 05 02:04:55 +0000 2020
2879,"強い酒ほどリスク大！ アルコールは免疫力を下げる
https://t.co/GqS6tNUFKL",896,390,1302030658349314049,nikkei,Fri Sep 04 23:47:54 +0000 2020
2882,"米ハイテク株急騰の影にソフトバンクGか　米報道
https://t.co/RltPEsPEb4",450,202,1301983828957773824,nikkei,Fri Sep 04 20:41:49 +0000 2020
2885,"仏、1日のコロナ感染8900人超　過去最悪更新
https://t.co/VD4RTescOb",142,124,1301976276958244864,nikkei,Fri Sep 04 20:11:48 +0000 2020
2888,"安倍首相は祖父超える　株価上昇の政権ランキング
https://t.co/ik836Z8M5K",866,137,1301930015764787200,nikkei,Fri Sep 04 17:07:59 +0000 2020
2906,"英アストラゼネカ、日本でコロナワクチンの治験開始
https://t.co/L0Kgu1Angc",262,145,1301835624651997185,nikkei,Fri Sep 04 10:52:54 +0000 2020
2908,"台風10号、猛烈な勢力に発達へ　瞬間風速85メートル恐れ
https://t.co/15vLY1OZy1",146,133,1301831863149801480,nikkei,Fri Sep 04 10:37:57 +0000 2020
2914,"ヤマト運輸は集配停止、キヤノン製造子会社は操業休止、熊本森永乳業は前倒し生産…。過去最強クラスの恐れがある台風10号に企業が対応を進めています。
https://t.co/xSeqrvtQMn",614,457,1301812277012836352,nikkei,Fri Sep 04 09:20:07 +0000 2020
2922,"マイナンバーの未来図探る　診療・免許などに活用案
https://t.co/52vVQ3Dqn4",201,102,1301753313361145856,nikkei,Fri Sep 04 05:25:49 +0000 2020
2942,"携帯3社「菅氏優勢」警戒　値下げ圧力再び
https://t.co/YG8vncKsm5",479,166,1301688639642939393,nikkei,Fri Sep 04 01:08:50 +0000 2020
2943,"ヤマト運輸など、台風10号で九州全域の集配停止
https://t.co/Vlc4wnUnqW",311,271,1301680841106497536,nikkei,Fri Sep 04 00:37:51 +0000 2020
2951,"ペダル踏み間違い事故は「車速が30キロ以下で、アクセル踏み込み量が全開状態の90%以上、全開の踏み込みまで1秒以内といった場合が多い」。トヨタが解析し、新たな「急加速抑制システム」を開発しました。
https://t.co/FZWyUvlufQ",275,122,1301658170725748736,nikkei,Thu Sep 03 23:07:46 +0000 2020
2953,"台風10号は伊勢湾級などに匹敵する過去最強クラスの勢力で近づく可能性があります。原因は海面水温の高さ。専門家は「7月に台風が発生しなかった影響で10号の勢力が強まっている」と分析します。
https://t.co/t1Vg8tdvwH",112,104,1301652716217868291,nikkei,Thu Sep 03 22:46:05 +0000 2020
2956,"「仕事でコロナ感染」労災申請が急増、100%認定の驚き
https://t.co/TUlUVixGoN",571,350,1301646633038278656,nikkei,Thu Sep 03 22:21:55 +0000 2020
2962,"NYダウ1000ドル超安　アップルなどIT株が急落
https://t.co/RDmsV8EUci",318,260,1301603596945907712,nikkei,Thu Sep 03 19:30:54 +0000 2020
2976,"NYダウ800ドル超安　アップルなど主力株が大幅下落
https://t.co/zupOrZOXQa",361,255,1301543694328233988,nikkei,Thu Sep 03 15:32:52 +0000 2020
2994,"台風10号「伊勢湾」クラスの恐れ　感染防止・避難へ備え
https://t.co/sKx5FxGtK7",146,145,1301457622260830215,nikkei,Thu Sep 03 09:50:51 +0000 2020
3000,"台風10号、風速80メートル恐れ　6日にも奄美近海に
https://t.co/NXuwBKa7nz",386,518,1301427943990652928,nikkei,Thu Sep 03 07:52:55 +0000 2020
3003,"日経平均、終値2万3465円　コロナ前水準回復
https://t.co/0pq5qB5Y7g",882,423,1301403765933662208,nikkei,Thu Sep 03 06:16:51 +0000 2020
3007,"「地方の銀行は将来的には数が多すぎるのではないか」。自民党総裁選への立候補を表明した菅義偉官房長官が統合・合併構想に言及しました。その真意は？
https://t.co/t6PRxc3qjO",223,104,1301369345545777157,nikkei,Thu Sep 03 04:00:04 +0000 2020
3008,"「半沢直樹」脅かす家政夫　真逆の設定、共感倍返し
https://t.co/vZ3bmlQwwr",430,117,1301360266215526400,nikkei,Thu Sep 03 03:24:00 +0000 2020
3014,"「地方の銀行多すぎる」　菅氏の真意
https://t.co/zJV4Hi9pQO",756,284,1301353214650925056,nikkei,Thu Sep 03 02:55:59 +0000 2020
3018,"JR東日本が終電時刻を繰り上げへ。首都圏近郊の主要路線で終着駅の到着時刻をおおむね30分程度繰り上げ、午前1時ごろにします。2021年春から。保守作業員の負荷軽減につなげる狙い。
https://t.co/s0uBzI6EA6",353,252,1301347907535335424,nikkei,Thu Sep 03 02:34:53 +0000 2020
3021,"JR東、首都圏で終電繰り上げ　21年春にダイヤ改正
https://t.co/Wj9B7iZmN8",674,651,1301340119840899074,nikkei,Thu Sep 03 02:03:56 +0000 2020
3031,"吐き気やめまいが起きるVR酔い。視野角や解像度など性能面の制約が多い機器で視聴するため発生しやすいといわれています。低減する基礎的な理論も生まれ実証が進みつつあります。
https://t.co/L3pMjrFNLd",213,103,1301301459976417280,nikkei,Wed Sep 02 23:30:19 +0000 2020
3034,"技術革新力ランキング１位はスイス、日本は16位。日本は研究開発や知的財産権の評価は高いが起業環境や教育が低いと分析。コロナ感染拡大により世界で資金調達が厳しくなっていると警鐘を鳴らします。
https://t.co/fWx3RJTMhw",241,127,1301286560596361219,nikkei,Wed Sep 02 22:31:07 +0000 2020
3037,"台風10号は特別警報級に今後発達し、67日に奄美から西日本にかけ接近・上陸する恐れがあります。日本への上陸・通過時に「非常に強い」勢力になれば、関西空港が浸水した2018年9月の21号以来となります。
https://t.co/sM6Xf1gLki",237,213,1301283715130306560,nikkei,Wed Sep 02 22:19:49 +0000 2020
3055,"インド、百度など約120アプリを禁止　対中経済制裁か
https://t.co/QUxgKqN3Js",296,144,1301179790863421445,nikkei,Wed Sep 02 15:26:51 +0000 2020
3056,"ロシア反体制指導者に神経剤　独政府が断定
https://t.co/NdSsqY971S",643,290,1301179789684875265,nikkei,Wed Sep 02 15:26:51 +0000 2020
3067,"バイデン陣営、ネット広告猛追　「あつ森」も活用
https://t.co/tZ82jNR4M3",169,106,1301109335955709954,nikkei,Wed Sep 02 10:46:53 +0000 2020
3075,"菅官房長官、自民党総裁選出馬を正式表明
https://t.co/btkRo9bYmp",381,129,1301072585925378048,nikkei,Wed Sep 02 08:20:51 +0000 2020
3080,"「コンビニ本部自ら現状を点検し、取引環境が改善に向かうことを強く期待する」と公取委の菅久修一事務総長。コンビニの24時間営業の強制は独占禁止法違反にあたるとの見解を示しました。
https://t.co/KH5TvbYV5v",751,750,1301044941129474060,nikkei,Wed Sep 02 06:31:00 +0000 2020
3082,"コンビニ24時間強制は「独禁法違反」　公取委が改善要請
https://t.co/BkzM4TLj45",2592,2139,1301037605367078912,nikkei,Wed Sep 02 06:01:51 +0000 2020
3083,"コロナワクチン、希望者全員無料に　政府検討
https://t.co/k20CrKXqra",1042,515,1301017215974612992,nikkei,Wed Sep 02 04:40:50 +0000 2020
3087,"ブリヂストンが開発したゴムとプラスチックの機能を併せ持つ新材料「SUSYM（サシム）」。穴があきにくく破断しても熱で融着します。タイヤ以外の新事業開拓となる可能性を秘めます。
https://t.co/EoubseDDoR",2295,1188,1300990200374591488,nikkei,Wed Sep 02 02:53:29 +0000 2020
3107,"台風10号発生　週末、非常に強い勢力で西日本接近か
https://t.co/zdOqWt3ZVl",322,364,1300945755528523777,nikkei,Tue Sep 01 23:56:53 +0000 2020
3109,"Zoomの株価1日で41%上昇、時価総額IBM超え
https://t.co/lWyZDY8W6x",609,276,1300937467202158592,nikkei,Tue Sep 01 23:23:57 +0000 2020
